query,target,evalue,alntmscore,qtmscore,ttmscore,prob,qlen,tlen,alnlen,qstart,qend,tstart,tend,qcov,tcov,prog score,CIRPIN score,tm_score,tm_score_cp,cp,cp_difference
d5lxea_,d3l9ca1,0.5561,0.6821,0.4888,0.6821,0.353,324,219,345,2,324,1,219,0.997,1.0,0.48681640625,0.90478515625,0.56501,0.73873,True,0.17371999999999999
d1alua_,d2ib0a1,0.5175,0.6394,0.5225,0.5697,0.442,157,142,124,45,157,1,114,0.72,0.803,0.59375,0.9912109375,0.53859,0.71042,True,0.17183000000000004
d1qfja2,d2b4aa1,0.5109,0.5767,0.5058,0.5767,0.382,135,116,135,4,135,1,87,0.978,0.75,0.57763671875,0.9013671875,0.4783,0.64603,True,0.16773
d1bgca_,d2c41a_,0.5676,0.721,0.5869,0.597,0.663,158,155,125,1,118,35,151,0.747,0.755,0.59814453125,0.9443359375,0.57331,0.73853,True,0.16522000000000003
d2vsva1,d2hgaa1,0.5011,0.7373,0.591,0.48,0.601,81,103,62,19,79,1,59,0.753,0.573,0.4365234375,0.9814453125,0.54827,0.7093,True,0.16103
d1bgca_,d2pyba_,0.5588,0.6898,0.575,0.5984,0.601,158,151,128,1,121,34,151,0.766,0.781,0.5859375,0.9716796875,0.57007,0.72867,True,0.15860000000000007
d1bgca_,d5hjfa_,0.5444,0.7356,0.5967,0.5329,0.692,158,179,125,1,118,53,170,0.747,0.659,0.58056640625,0.9365234375,0.57405,0.73135,True,0.1573
d1bgca_,d1moja_,0.5402,0.721,0.5921,0.5258,0.692,158,180,127,1,118,56,173,0.747,0.656,0.59423828125,0.9384765625,0.57105,0.72642,True,0.15537
d3t9ja_,d1bgca_,0.5353,0.6836,0.5912,0.5464,0.632,144,158,121,31,144,1,115,0.792,0.728,0.56884765625,0.94677734375,0.55838,0.71318,True,0.15480000000000005
d1bgca_,d3ak8a_,0.5746,0.752,0.5906,0.6045,0.663,158,154,120,1,118,44,154,0.747,0.721,0.595703125,0.9638671875,0.5811,0.734,True,0.15290000000000004
d1evsa_,d2c41a_,0.5245,0.6464,0.5407,0.5645,0.505,163,155,132,7,131,37,155,0.767,0.768,0.59130859375,0.9794921875,0.53718,0.68871,True,0.15153000000000005
d1bgca_,d3iq1a_,0.5077,0.6362,0.5244,0.5483,0.442,158,150,126,1,119,41,150,0.753,0.733,0.57421875,0.9619140625,0.53667,0.68785,True,0.15117999999999998
d1bgca_,d1zuja1,0.5497,0.7003,0.5907,0.5598,0.663,158,168,130,1,121,47,168,0.766,0.726,0.59130859375,0.9658203125,0.56385,0.71492,True,0.15107000000000004
d4iwka_,d1bgca_,0.5018,0.5296,0.5296,0.5296,0.473,158,158,180,33,158,1,158,0.797,1.0,0.55126953125,0.935546875,0.50174,0.65137,True,0.14963000000000004
d3olja1,d1bgca_,0.5112,0.6701,0.3943,0.6701,0.179,285,158,242,8,248,1,129,0.846,0.816,0.599609375,0.9072265625,0.63864,0.78636,True,0.14771999999999996
d1bgca_,d3kwoa1,0.5184,0.6478,0.5309,0.5801,0.442,158,142,124,1,119,29,141,0.753,0.796,0.53076171875,0.947265625,0.53913,0.68677,True,0.14764
d4cyba_,d1bgca_,0.5572,0.7286,0.5546,0.5993,0.569,172,158,127,51,169,1,118,0.692,0.747,0.59765625,0.9482421875,0.57954,0.72656,True,0.14701999999999993
d1au1a_,d1rtwa_,0.5401,0.6713,0.616,0.5221,0.72,166,201,150,1,136,59,201,0.819,0.711,0.54345703125,0.9169921875,0.58258,0.7292,True,0.14661999999999997
d1bgca_,d4a25a_,0.546,0.7203,0.5815,0.5532,0.632,158,167,124,1,119,53,165,0.753,0.677,0.58349609375,0.9599609375,0.56012,0.70613,True,0.14601000000000008
d6sv1a1,d1zkea1,0.5732,0.6297,0.5649,0.6297,0.601,89,79,83,11,74,1,77,0.719,0.975,0.5673828125,0.91796875,0.46784,0.61095,True,0.14311000000000001
d2nx2a1,d3imka1,0.5548,0.611,0.5416,0.611,0.537,176,154,180,36,176,2,151,0.801,0.974,0.5244140625,0.9072265625,0.58699,0.72726,True,0.14027
d2oh3a1,d1bgca_,0.5082,0.6302,0.5639,0.5186,0.537,143,158,125,29,139,1,119,0.776,0.753,0.56494140625,0.94482421875,0.53067,0.67058,True,0.13990999999999998
d2id4a1,d1ca1a2,0.5148,0.5815,0.5103,0.5815,0.411,141,121,136,7,132,1,100,0.894,0.826,0.56396484375,0.9697265625,0.54643,0.68576,True,0.13933000000000006
d1au1a_,d1wwma1,0.528,0.6473,0.5754,0.5421,0.601,166,178,144,1,135,48,178,0.813,0.736,0.56005859375,0.9423828125,0.54427,0.68133,True,0.13705999999999996
d2ib0a1,d3n0pa_,0.5166,0.6624,0.6053,0.477,0.692,142,186,128,2,111,60,184,0.775,0.672,0.5859375,0.97314453125,0.57718,0.71404,True,0.13685999999999998
d1bgca_,d2ib0a1,0.5311,0.7307,0.5245,0.5781,0.473,158,142,109,59,158,2,106,0.633,0.739,0.56298828125,0.98046875,0.5993,0.7347,True,0.13539999999999996
d1pj5a1,d2hvyb1,0.5045,0.6195,0.5149,0.5928,0.382,88,74,70,3,66,12,74,0.727,0.851,0.54833984375,0.98974609375,0.53798,0.67332,True,0.13534000000000002
d6yd4a2,d1ca1a2,0.5272,0.5833,0.5418,0.5833,0.473,132,121,134,6,130,1,100,0.947,0.826,0.5703125,0.98291015625,0.54516,0.67923,True,0.13407000000000002
d1zuja1,d1evsa_,0.5122,0.6849,0.5318,0.546,0.473,168,163,125,49,163,7,128,0.685,0.748,0.5869140625,0.97705078125,0.51858,0.65238,True,0.13379999999999992
d1lkia_,d1jiga_,0.5311,0.7221,0.5145,0.595,0.442,172,146,117,14,127,38,146,0.663,0.747,0.54296875,0.9326171875,0.56905,0.69523,True,0.12618000000000007
d3ak8a_,d1lkia_,0.5032,0.7034,0.5566,0.5059,0.537,154,172,116,44,154,13,123,0.721,0.645,0.58154296875,0.95361328125,0.52555,0.65015,True,0.12460000000000004
d2fjca1,d1lkia_,0.5322,0.7029,0.5856,0.5211,0.663,151,172,123,41,151,14,130,0.735,0.68,0.591796875,0.955078125,0.56213,0.68532,True,0.12319000000000002
d1lkia_,d2pyba_,0.5183,0.658,0.5124,0.574,0.411,172,151,129,13,134,37,151,0.709,0.762,0.57421875,0.95947265625,0.54739,0.66561,True,0.11821999999999999
d1lkoa1,d1lkia_,0.5326,0.7139,0.5968,0.5156,0.663,146,172,119,40,143,13,130,0.712,0.686,0.5888671875,0.9697265625,0.57101,0.68863,True,0.11761999999999995
d1lkia_,d3t9ja_,0.5239,0.7062,0.5046,0.5905,0.411,172,144,117,15,126,35,144,0.651,0.764,0.55810546875,0.9404296875,0.56337,0.68079,True,0.11741999999999997
d1lkia_,d1zuja1,0.5158,0.689,0.532,0.5432,0.505,172,168,128,14,134,51,168,0.703,0.702,0.58154296875,0.9580078125,0.52095,0.6382,True,0.11724999999999997
d1evsa_,d1yuza1,0.5067,0.6322,0.484,0.5786,0.353,163,133,120,55,163,1,106,0.669,0.797,0.59033203125,0.97998046875,0.54968,0.66663,True,0.11695
d1au1a_,d2q4xa_,0.5115,0.6424,0.5972,0.4875,0.632,166,211,152,1,137,67,211,0.825,0.687,0.5458984375,0.90087890625,0.55985,0.67641,True,0.11656
d1u8sa1,d1uv7a_,0.5148,0.6029,0.5463,0.6029,0.442,84,74,74,14,82,1,66,0.821,0.892,0.445068359375,0.9423828125,0.56319,0.67945,True,0.11626000000000003
d2hgaa1,d1fc6a3,0.5304,0.6943,0.5363,0.5967,0.473,103,91,76,1,67,17,91,0.65,0.824,0.5009765625,0.9912109375,0.55609,0.6718,True,0.11570999999999998
d1lkia_,d1yuza1,0.5565,0.7348,0.5108,0.6452,0.442,172,133,115,61,172,1,103,0.651,0.774,0.587890625,0.966796875,0.6184,0.73385,True,0.11545000000000005
d1wwma1,d3piwa_,0.5219,0.6326,0.5192,0.5873,0.442,178,154,141,50,178,1,129,0.725,0.838,0.5302734375,0.9306640625,0.56808,0.68321,True,0.11512999999999995
d2hgaa1,d2z9ia1,0.6067,0.7621,0.5873,0.6838,0.663,103,87,77,2,69,11,87,0.66,0.885,0.49951171875,0.990234375,0.64995,0.76506,True,0.11510999999999993
d2pyba_,d3n0pa_,0.5102,0.6562,0.5862,0.4896,0.632,151,186,132,4,126,62,184,0.815,0.661,0.59423828125,0.97265625,0.5536,0.66807,True,0.11447000000000007
d1jiga_,d3n0pa_,0.5223,0.6505,0.6088,0.4943,0.692,146,186,135,1,124,60,184,0.849,0.672,0.5654296875,0.94921875,0.57351,0.68725,True,0.11374000000000006
d2hgaa1,d5m3na2,0.536,0.6013,0.5599,0.5697,0.569,103,101,95,1,73,13,101,0.709,0.881,0.54150390625,0.984375,0.53409,0.64285,True,0.10876000000000008
d1qsda_,d2ih3c_,0.5061,0.5591,0.5362,0.5591,0.442,102,97,102,8,81,1,97,0.725,1.0,0.595703125,0.93115234375,0.51549,0.62355,True,0.10806000000000004
d1lkia_,d5hjfa_,0.5033,0.7144,0.5315,0.5127,0.505,172,179,123,13,129,57,170,0.68,0.637,0.5693359375,0.912109375,0.51244,0.61943,True,0.10699000000000003
d1alua_,d3t9ja_,0.5276,0.6196,0.526,0.5689,0.473,157,144,131,45,157,1,113,0.72,0.785,0.59912109375,0.96142578125,0.54802,0.65479,True,0.10677000000000003
d2hgaa1,d2p3wa1,0.5269,0.5937,0.5486,0.5727,0.505,103,98,94,1,74,11,98,0.718,0.898,0.4765625,0.9873046875,0.54965,0.65639,True,0.10674000000000006
d1zuja1,d1v7mv_,0.5025,0.6309,0.4952,0.563,0.382,168,145,127,17,142,45,145,0.75,0.697,0.578125,0.923828125,0.53289,0.63946,True,0.10657000000000005
d3gqba1,d2c78a2,0.5016,0.6153,0.6153,0.4891,0.632,70,93,80,11,69,1,79,0.843,0.849,0.59814453125,0.9541015625,0.56986,0.67588,True,0.10602
d2hgaa1,d3stja2,0.5673,0.6901,0.5815,0.6081,0.632,103,98,85,1,69,14,98,0.67,0.867,0.45703125,0.9921875,0.57926,0.68513,True,0.10587000000000002
d1wosa1,d4ac9a2,0.5147,0.6327,0.5418,0.565,0.473,83,79,69,3,65,14,77,0.759,0.81,0.57421875,0.98046875,0.52587,0.63116,True,0.1052900000000001
d3anua2,d2nlya1,0.5229,0.5758,0.5243,0.5758,0.442,241,216,255,3,218,14,211,0.896,0.917,0.57080078125,0.9033203125,0.50753,0.61281,True,0.10527999999999993
d2f1fa2,d1uv7a_,0.5164,0.6742,0.5327,0.6018,0.411,86,74,64,18,77,1,62,0.698,0.838,0.43212890625,0.947265625,0.56019,0.66498,True,0.10479000000000005
d1lkia_,d2cf7a_,0.5154,0.681,0.5168,0.5626,0.442,172,156,125,14,134,41,155,0.703,0.737,0.5830078125,0.953125,0.53644,0.64086,True,0.10441999999999996
d1lkia_,d1moja_,0.5064,0.7215,0.5353,0.5135,0.505,172,180,123,13,129,60,173,0.68,0.633,0.5849609375,0.9189453125,0.51677,0.62086,True,0.10409000000000002
d1tj2a2,d1lucb_,0.502,0.5863,0.4991,0.5391,0.411,349,320,291,61,300,1,259,0.688,0.809,0.57861328125,0.900390625,0.52097,0.62483,True,0.10385999999999995
d2cdqa2,d1uv7a_,0.5507,0.6876,0.5336,0.6396,0.473,91,74,68,27,91,1,59,0.714,0.797,0.486083984375,0.93505859375,0.59604,0.69695,True,0.10090999999999994
d3t9ja_,d3n0pa_,0.532,0.6592,0.6242,0.5008,0.72,144,186,135,1,126,62,186,0.875,0.672,0.5869140625,0.95703125,0.58696,0.68576,True,0.0988
d2hgaa1,d1sota1,0.5848,0.7539,0.5491,0.7048,0.505,103,77,71,2,71,10,77,0.68,0.883,0.474365234375,0.9677734375,0.65071,0.74749,True,0.09677999999999998
d3n0pa_,d3kwoa1,0.5154,0.6497,0.483,0.6072,0.326,186,142,131,63,186,1,119,0.667,0.838,0.5478515625,0.9453125,0.57128,0.66606,True,0.09477999999999998
d1luca_,d1fxma_,0.5391,0.5815,0.5446,0.5815,0.537,326,302,393,1,324,10,302,0.994,0.97,0.55908203125,0.90234375,0.51611,0.60872,True,0.09261000000000008
d1rtwa_,d3piwa_,0.5248,0.6183,0.4926,0.6183,0.353,201,154,155,60,201,1,137,0.706,0.89,0.5087890625,0.9013671875,0.5832,0.67577,True,0.09256999999999993
d3c20a3,d1uv7a_,0.5034,0.6693,0.5723,0.5279,0.537,67,74,55,15,66,1,51,0.776,0.689,0.49658203125,0.9599609375,0.52176,0.6143,True,0.09253999999999996
d5lxea_,d4cnna_,0.56,0.6556,0.5142,0.6556,0.442,324,245,354,1,324,11,242,1.0,0.947,0.5439453125,0.9365234375,0.62526,0.7173,True,0.09204000000000001
d1qzya1,d2dk8a1,0.5151,0.6711,0.5453,0.5843,0.442,74,68,57,21,73,5,59,0.716,0.809,0.388916015625,0.9794921875,0.56145,0.65178,True,0.09033000000000002
d1uv7a_,d2f1fa1,0.565,0.6633,0.618,0.6042,0.692,74,76,68,1,58,12,76,0.784,0.855,0.445068359375,0.96923828125,0.57676,0.66703,True,0.09026999999999996
d1cnt1_,d3kwoa1,0.5515,0.6651,0.5623,0.59,0.569,150,142,124,39,148,1,116,0.733,0.817,0.58251953125,0.91943359375,0.56389,0.65411,True,0.09021999999999997
d1wwma1,d1n1fa_,0.5288,0.6437,0.5273,0.5982,0.442,178,153,140,45,178,1,128,0.753,0.837,0.51708984375,0.923828125,0.56407,0.65345,True,0.08938000000000001
d2hgaa1,d1k32a1,0.5532,0.6232,0.5535,0.6172,0.537,103,91,90,1,75,10,91,0.728,0.901,0.471923828125,0.99169921875,0.58109,0.6703,True,0.08921000000000001
d1xgsa1,d2v9va1,0.55,0.7211,0.5374,0.6535,0.473,77,61,54,23,74,2,53,0.675,0.852,0.351806640625,0.94873046875,0.59811,0.68723,True,0.08911999999999998
d1vdza2,d3wdna_,0.5206,0.6718,0.6718,0.4427,0.795,77,125,83,1,69,25,104,0.896,0.64,0.414306640625,0.94873046875,0.62704,0.71582,True,0.08877999999999997
d4cyba_,d1lkia_,0.508,0.7096,0.5278,0.5278,0.473,172,172,123,55,168,13,128,0.663,0.674,0.58740234375,0.9306640625,0.508,0.59626,True,0.08826
d1xgsa1,d2ve8a_,0.5316,0.7027,0.5395,0.6067,0.473,77,67,56,21,74,2,54,0.701,0.791,0.36865234375,0.927734375,0.55973,0.64794,True,0.08821000000000001
d1wosa1,d2jdid2,0.5117,0.6463,0.5415,0.5987,0.442,83,73,66,1,63,10,72,0.759,0.863,0.548828125,0.9677734375,0.53397,0.62197,True,0.08800000000000008
d3amca_,d1ct5a_,0.538,0.6402,0.4902,0.6402,0.382,308,225,307,23,308,9,215,0.929,0.92,0.587890625,0.9189453125,0.60723,0.69401,True,0.08677999999999997
d2hvyb1,d1v5va1,0.5526,0.6937,0.638,0.5442,0.747,74,89,67,14,74,2,65,0.824,0.719,0.5283203125,0.98974609375,0.59268,0.67872,True,0.08604
d2hgaa1,d4yo1a1,0.556,0.619,0.5706,0.5965,0.601,103,98,94,1,75,12,98,0.728,0.888,0.4638671875,0.98779296875,0.56768,0.65315,True,0.08547000000000005
d3h2ve1,d2p5ma_,0.5189,0.6802,0.5953,0.5348,0.601,72,82,61,1,59,25,82,0.819,0.707,0.57177734375,0.900390625,0.5437,0.62913,True,0.08543
d1ta3a_,d1ct5a_,0.5315,0.6069,0.5141,0.6069,0.411,274,225,281,13,272,13,215,0.949,0.902,0.58642578125,0.9072265625,0.57424,0.65959,True,0.08535000000000004
d2fgca1,d1uv7a_,0.5084,0.6673,0.5418,0.5823,0.442,81,74,62,18,75,1,62,0.716,0.838,0.43603515625,0.9560546875,0.524,0.60875,True,0.08474999999999999
d2l5ta_,d1vdza2,0.5325,0.6473,0.5953,0.5953,0.569,77,77,69,12,77,1,66,0.857,0.857,0.57080078125,0.96142578125,0.53248,0.61671,True,0.08423000000000003
d3dxsx_,d1bdfa1,0.5465,0.6722,0.6722,0.4978,0.817,74,105,80,1,64,20,98,0.865,0.752,0.53515625,0.904296875,0.62166,0.70507,True,0.08340999999999998
d4cvra_,d1bgca_,0.51,0.5303,0.5303,0.5242,0.505,156,158,172,1,109,1,158,0.699,1.0,0.595703125,0.9736328125,0.5713,0.65468,True,0.08338000000000001
d1q8ba_,d1bdfa1,0.5099,0.6143,0.5855,0.5093,0.601,89,105,84,1,73,20,98,0.82,0.752,0.4658203125,0.95849609375,0.54246,0.62551,True,0.08304999999999996
d1drua2,d1qmha1,0.5236,0.5889,0.5177,0.5889,0.442,110,95,98,17,110,2,73,0.855,0.758,0.56396484375,0.92529296875,0.55512,0.63783,True,0.08271000000000006
d1qmha1,d1vm6a2,0.5733,0.745,0.5806,0.6315,0.601,95,86,71,2,71,19,86,0.737,0.791,0.58203125,0.958984375,0.59815,0.6806,True,0.08245000000000002
d1lkia_,d2c41a_,0.5318,0.7251,0.5286,0.5795,0.473,172,155,120,13,128,39,150,0.674,0.723,0.58544921875,0.92578125,0.56149,0.64387,True,0.08238000000000001
d4yuda1,d1vq8s1,0.5319,0.6566,0.5551,0.5843,0.505,86,81,70,5,71,17,81,0.779,0.802,0.5771484375,0.935546875,0.54514,0.62599,True,0.08085000000000009
d1k8ma1,d1vdza2,0.5373,0.6108,0.57,0.6108,0.537,84,77,84,13,84,1,77,0.857,1.0,0.55908203125,0.9658203125,0.55393,0.63419,True,0.08026
d1u8sa2,d1uv7a_,0.5316,0.6259,0.554,0.6192,0.473,85,74,73,17,85,1,64,0.812,0.865,0.455322265625,0.931640625,0.55679,0.63518,True,0.07838999999999996
d1k77a1,d3r1za2,0.6271,0.6892,0.6197,0.6892,0.747,254,225,271,1,254,5,213,1.0,0.929,0.578125,0.9130859375,0.54413,0.62217,True,0.07804
d1vloa1,d2jdid2,0.5401,0.6328,0.544,0.6183,0.473,85,73,71,2,66,10,72,0.765,0.863,0.51806640625,0.95849609375,0.57161,0.64953,True,0.0779200000000001
d3begb_,d1vq8s1,0.5058,0.6921,0.5253,0.553,0.442,86,81,62,1,56,21,81,0.651,0.753,0.556640625,0.9091796875,0.51793,0.59498,True,0.07704999999999995
d1g7sa1,d2b7ca2,0.5511,0.6084,0.6084,0.5584,0.692,97,107,99,19,97,3,94,0.814,0.86,0.5947265625,0.9794921875,0.57312,0.64988,True,0.07676000000000005
d1vlya1,d2jdid2,0.5044,0.5875,0.5318,0.5677,0.411,79,73,70,3,64,10,71,0.785,0.849,0.55712890625,0.94140625,0.50355,0.58022,True,0.0766699999999999
d2cq1a1,d1vq8s1,0.5056,0.6302,0.5277,0.5656,0.411,88,81,71,4,65,15,81,0.705,0.827,0.59765625,0.921875,0.5212,0.5974,True,0.07620000000000005
d2edma1,d2a7ba_,0.5133,0.6129,0.4764,0.6129,0.326,161,120,146,17,155,1,103,0.863,0.858,0.572265625,0.962890625,0.57366,0.64973,True,0.07607000000000008
d1vdza2,d1bdoa_,0.6575,0.7323,0.6975,0.6735,0.887,77,80,73,3,65,11,80,0.818,0.875,0.59619140625,0.966796875,0.66841,0.74336,True,0.07495000000000007
d1sc6a3,d1uv7a_,0.5438,0.6777,0.5627,0.6079,0.537,81,74,65,21,81,1,58,0.753,0.784,0.490234375,0.90625,0.56243,0.63614,True,0.07371000000000005
d1j93a_,d1v93a_,0.5122,0.575,0.5038,0.575,0.382,343,292,403,2,341,1,290,0.991,0.993,0.452392578125,0.9013671875,0.54895,0.62206,True,0.0731099999999999
d3md3a1,d1vq8s1,0.5114,0.6766,0.539,0.5559,0.473,84,81,64,1,61,22,81,0.726,0.741,0.59033203125,0.9033203125,0.51873,0.59174,True,0.07301000000000002
d3gqba1,d4rd4a3,0.5639,0.6836,0.6836,0.5259,0.837,70,95,79,9,69,4,81,0.871,0.821,0.58984375,0.95263671875,0.63119,0.70075,True,0.06955999999999996
d1txka1,d2ccva1,0.5114,0.5818,0.5276,0.5818,0.411,112,99,113,2,97,3,99,0.857,0.98,0.5673828125,0.91748046875,0.53545,0.60494,True,0.06949000000000005
d3raoa1,d4cnna_,0.5386,0.6329,0.4884,0.6329,0.382,329,245,366,1,328,16,245,0.997,0.939,0.4794921875,0.90576171875,0.54224,0.61108,True,0.0688399999999999
d2ghpa1,d1vq8s1,0.5207,0.665,0.5906,0.542,0.601,73,81,63,1,56,20,81,0.767,0.765,0.58984375,0.9375,0.54061,0.60917,True,0.06855999999999995
d1drua2,d3td3a1,0.5093,0.5653,0.5653,0.5296,0.537,110,119,125,1,98,12,119,0.891,0.908,0.52001953125,0.9443359375,0.51477,0.58223,True,0.06746000000000008
d3rkpa3,d4jkla2,0.5021,0.5684,0.5096,0.5684,0.382,107,94,103,1,93,16,94,0.869,0.84,0.54150390625,0.90283203125,0.5084,0.57569,True,0.06729000000000007
d1ri6a1,d4wjka_,0.673,0.7879,0.7879,0.589,0.971,330,452,443,19,330,1,427,0.945,0.945,0.57080078125,0.9267578125,0.76806,0.83493,True,0.06686999999999999
d1q8ba_,d7d59k_,0.5104,0.656,0.5865,0.4999,0.601,89,107,78,1,72,12,81,0.809,0.654,0.4697265625,0.923828125,0.5368,0.6036,True,0.06679999999999997
d1lkia_,d4cvra_,0.5395,0.7384,0.5343,0.5839,0.505,172,156,120,13,131,38,144,0.692,0.686,0.58447265625,0.9580078125,0.56326,0.62982,True,0.06656000000000006
d2jdid2,d4rd4a3,0.5397,0.6508,0.6508,0.5235,0.747,73,95,80,8,72,4,81,0.89,0.821,0.5986328125,0.96435546875,0.60075,0.66705,True,0.06630000000000003
d6q2ia_,d1vq8s1,0.5098,0.6729,0.4778,0.6023,0.326,106,81,71,10,77,16,81,0.642,0.815,0.59130859375,0.9619140625,0.57101,0.63708,True,0.06606999999999996
d5lxea_,d1sfla_,0.5609,0.6745,0.5029,0.6745,0.411,324,230,351,2,324,1,230,0.997,1.0,0.497314453125,0.9267578125,0.6384,0.70228,True,0.06388000000000005
d1r3ra_,d2ycix1,0.5157,0.6073,0.4653,0.6073,0.326,356,263,400,7,355,1,249,0.98,0.947,0.58935546875,0.908203125,0.57994,0.64324,True,0.06330000000000002
d1jsca3,d1w4ra1,0.5422,0.6452,0.5228,0.6452,0.442,172,133,166,10,170,12,133,0.936,0.917,0.5908203125,0.94921875,0.59265,0.65524,True,0.06259000000000003
d7rjja_,d1vm6a2,0.5007,0.6185,0.4841,0.6185,0.301,117,86,98,18,113,1,75,0.821,0.872,0.51318359375,0.92236328125,0.57106,0.63299,True,0.06193000000000004
d1geqa_,d1k77a1,0.6052,0.6506,0.6506,0.6221,0.795,241,254,290,5,241,1,254,0.983,1.0,0.5498046875,0.90625,0.61807,0.67957,True,0.0615
d1uv7a_,d2nzca1,0.5165,0.6339,0.5866,0.5569,0.537,74,79,67,1,60,16,79,0.811,0.81,0.474365234375,0.9599609375,0.52558,0.58683,True,0.061249999999999916
d2ghpa1,d1uv7a_,0.5219,0.5713,0.5713,0.5649,0.537,73,74,74,11,72,1,66,0.849,0.892,0.38330078125,0.9189453125,0.5239,0.5851,True,0.06119999999999992
d3gd6a2,d3fsta_,0.5668,0.6271,0.6271,0.5629,0.747,252,286,292,1,225,13,284,0.893,0.951,0.59423828125,0.9150390625,0.5883,0.64859,True,0.060289999999999955
d1vm6a2,d3td3a1,0.5486,0.6712,0.6712,0.5096,0.795,86,119,100,1,75,21,118,0.872,0.824,0.52001953125,0.935546875,0.61645,0.6764,True,0.05994999999999995
d1zpda3,d1w4ra1,0.5005,0.6309,0.4423,0.6309,0.233,204,133,163,2,152,9,133,0.74,0.94,0.5986328125,0.94287109375,0.58545,0.64424,True,0.05879000000000001
d1iwga1,d2phcb2,0.6307,0.7098,0.6255,0.7098,0.747,97,84,84,2,81,6,81,0.825,0.905,0.5419921875,0.935546875,0.66785,0.72663,True,0.05877999999999994
d1bdfa1,d5b08a_,0.5053,0.6131,0.532,0.553,0.442,105,100,88,20,99,1,83,0.762,0.83,0.405029296875,0.9033203125,0.51624,0.57484,True,0.058599999999999985
d1r4xa1,d6btya_,0.5334,0.6282,0.5176,0.6282,0.411,154,122,124,39,154,1,110,0.753,0.902,0.496337890625,0.9248046875,0.58038,0.63895,True,0.05857000000000001
d6hrla_,d2p4oa1,0.697,0.7281,0.7281,0.7011,0.933,287,299,313,1,285,36,299,0.993,0.883,0.5927734375,0.97265625,0.70987,0.76697,True,0.05710000000000004
d1uv7a_,d1ygya3,0.5405,0.6023,0.6023,0.5767,0.632,74,78,74,1,66,14,77,0.892,0.821,0.462158203125,0.9453125,0.55416,0.61097,True,0.05681000000000003
d2ihta3,d1w4ra1,0.508,0.6336,0.4646,0.6336,0.277,195,133,159,6,157,9,133,0.779,0.94,0.5859375,0.94140625,0.59355,0.64971,True,0.05615999999999999
d3hgba1,d1vdza2,0.5237,0.6893,0.4287,0.6893,0.233,133,77,88,31,115,1,70,0.639,0.909,0.486328125,0.95849609375,0.63731,0.69283,True,0.0555199999999999
d1iwga3,d1bdfa1,0.5042,0.5451,0.5365,0.5451,0.473,107,105,105,1,92,15,101,0.86,0.829,0.43212890625,0.9150390625,0.51079,0.56567,True,0.05488000000000004
d2fiqa1,d5lxea_,0.5031,0.5724,0.4778,0.5724,0.326,400,324,452,2,400,1,295,0.998,0.91,0.5107421875,0.91796875,0.54536,0.60003,True,0.054669999999999996
d1vdza2,d1ghja_,0.6039,0.674,0.6668,0.6529,0.772,77,79,76,1,68,8,79,0.883,0.911,0.57666015625,0.9716796875,0.60948,0.66391,True,0.05442999999999998
d2pd1a1,d1bdfa1,0.5032,0.6316,0.5561,0.5247,0.505,98,105,84,1,74,19,98,0.755,0.762,0.3955078125,0.92578125,0.51651,0.57084,True,0.05432999999999999
d5ui3a_,d1rhca_,0.5024,0.5385,0.5385,0.5021,0.505,305,330,348,7,223,1,329,0.711,0.997,0.449951171875,0.9072265625,0.50242,0.5564,True,0.05398000000000003
d5dqpa_,d2oemb2,0.5173,0.6234,0.4411,0.6234,0.277,427,292,438,1,405,18,264,0.948,0.846,0.48046875,0.9091796875,0.60161,0.65462,True,0.05301
d4f8xa_,d7bipa_,0.5368,0.5661,0.5576,0.5661,0.569,335,329,400,13,328,1,329,0.943,1.0,0.59130859375,0.91552734375,0.54116,0.59289,True,0.051730000000000054
d3oona1,d1drua2,0.5148,0.551,0.551,0.5467,0.505,109,110,115,16,109,2,96,0.862,0.864,0.466552734375,0.93505859375,0.51632,0.56756,True,0.05123999999999995
d1l0qa2,d4wjka_,0.6831,0.8343,0.8343,0.559,0.986,295,452,450,18,295,1,447,0.942,0.989,0.52978515625,0.9130859375,0.81883,0.86991,True,0.051080000000000014
d1f74a_,d1rhca_,0.5247,0.5722,0.5722,0.5148,0.632,293,330,349,3,225,1,330,0.761,1.0,0.4755859375,0.9130859375,0.55165,0.60259,True,0.050939999999999985
d2xzga1,d1ijqa1,0.5613,0.652,0.5301,0.652,0.473,330,258,325,5,313,17,254,0.936,0.922,0.59228515625,0.9296875,0.64137,0.69197,True,0.05059999999999998
d2mzqa1,d1vq8s1,0.502,0.6431,0.5045,0.593,0.353,99,81,73,14,82,13,81,0.697,0.852,0.59814453125,0.9150390625,0.53957,0.58971,True,0.05013999999999996
d1r4xa1,d1wfma1,0.5145,0.6043,0.5111,0.6043,0.382,154,125,127,36,154,4,115,0.773,0.896,0.488525390625,0.9111328125,0.60092,0.65093,True,0.05001
d2xzga1,d1npea_,0.575,0.6578,0.5407,0.6578,0.537,330,263,333,5,313,20,263,0.936,0.928,0.58935546875,0.9267578125,0.62986,0.6784,True,0.04854000000000003
d1jmxb_,d1olza2,0.5927,0.7022,0.7022,0.52,0.9,339,474,475,19,339,11,454,0.947,0.937,0.5859375,0.9189453125,0.67841,0.7261,True,0.04769000000000001
d4r9oa_,d1r30a_,0.5045,0.5441,0.5441,0.5164,0.505,293,312,341,6,280,28,306,0.939,0.894,0.51708984375,0.90234375,0.51766,0.56472,True,0.04705999999999999
d2nlya1,d3taob_,0.5614,0.6342,0.6342,0.545,0.772,216,258,285,1,204,1,258,0.944,1.0,0.5751953125,0.9130859375,0.60342,0.6501,True,0.046680000000000055
d1bdfa1,d2b7cb_,0.5342,0.6628,0.5406,0.6146,0.473,105,90,82,19,98,3,76,0.762,0.822,0.4951171875,0.9208984375,0.57878,0.62504,True,0.04626000000000008
d1iwga4,d1bdfa1,0.5459,0.612,0.6067,0.5674,0.663,97,105,96,1,90,17,98,0.928,0.781,0.4560546875,0.9423828125,0.56245,0.60678,True,0.04432999999999998
d1fxma_,d3raoa1,0.5168,0.558,0.558,0.5179,0.569,302,329,404,17,302,1,327,0.947,0.994,0.5224609375,0.919921875,0.53577,0.5799,True,0.04413
d3raoa1,d1sfla_,0.5137,0.6208,0.4562,0.6208,0.277,329,230,317,1,299,27,228,0.909,0.878,0.45263671875,0.90234375,0.61891,0.66164,True,0.042730000000000046
d1uv7a_,d1vi7a2,0.5607,0.6241,0.5959,0.6241,0.601,74,70,70,1,67,11,69,0.905,0.843,0.3564453125,0.92822265625,0.57275,0.61522,True,0.04247000000000001
d2d69a1,d5xkca_,0.5019,0.6168,0.6168,0.4208,0.747,291,446,454,18,265,1,424,0.852,0.951,0.4853515625,0.9169921875,0.59648,0.63739,True,0.04091
d2d69a1,d5dqpa_,0.5199,0.6277,0.6277,0.4435,0.772,291,427,438,18,266,1,406,0.856,0.951,0.493896484375,0.91015625,0.6067,0.64751,True,0.04081000000000001
d1drua2,d4zhwa_,0.5234,0.5578,0.5578,0.5578,0.537,110,110,123,2,97,7,110,0.873,0.945,0.53857421875,0.9228515625,0.5182,0.55769,True,0.039490000000000025
d5lxea_,d2oemb2,0.5717,0.6184,0.5635,0.6184,0.601,324,292,366,1,324,7,262,1.0,0.877,0.497802734375,0.90625,0.59561,0.6347,True,0.03909000000000007
d3llxa2,d2nlya1,0.5182,0.5661,0.5271,0.5661,0.473,235,216,249,5,212,14,211,0.885,0.917,0.54296875,0.9111328125,0.54032,0.57888,True,0.03855999999999993
d1ezwa_,d1sfla_,0.5463,0.6729,0.472,0.6729,0.326,347,230,375,2,346,1,230,0.994,1.0,0.484130859375,0.90625,0.63799,0.67564,True,0.03765000000000007
d4f8xa_,d1luca_,0.5496,0.5803,0.5669,0.5803,0.601,335,326,406,8,330,1,325,0.964,0.997,0.56298828125,0.9189453125,0.55649,0.59402,True,0.03752999999999995
d1iwga3,d2phcb2,0.5945,0.7015,0.5694,0.7015,0.569,107,84,96,2,95,6,81,0.879,0.905,0.54248046875,0.9111328125,0.65084,0.6882,True,0.03736000000000006
d2d69a1,d6lr1a_,0.5056,0.6235,0.6235,0.4207,0.772,291,451,453,8,265,1,415,0.887,0.92,0.496337890625,0.9033203125,0.60124,0.63837,True,0.037129999999999996
d1k77a1,d4h2ha2,0.5918,0.635,0.6093,0.635,0.72,254,242,273,1,254,6,220,1.0,0.888,0.59228515625,0.916015625,0.58808,0.62519,True,0.037109999999999976
d5lxea_,d7c0da_,0.5375,0.5721,0.539,0.5721,0.537,324,303,343,1,324,2,226,1.0,0.743,0.49951171875,0.91357421875,0.54803,0.58437,True,0.03633999999999993
d4f8xa_,d3raoa1,0.5219,0.5482,0.5397,0.5482,0.505,335,329,418,15,332,1,328,0.949,0.997,0.51904296875,0.93359375,0.52831,0.56457,True,0.03626000000000007
d1ztda1,d1o0wa1,0.5679,0.6714,0.6714,0.5143,0.837,124,167,140,1,102,31,167,0.823,0.82,0.54150390625,0.9609375,0.64068,0.67661,True,0.03593000000000002
d1w4ra1,d1ovma3,0.5012,0.6226,0.6226,0.451,0.692,133,196,160,9,133,5,151,0.94,0.75,0.59912109375,0.9560546875,0.57515,0.61078,True,0.03562999999999994
d1r30a_,d1pyfa1,0.5008,0.5287,0.5215,0.5287,0.442,312,307,359,28,306,4,296,0.894,0.954,0.5380859375,0.9072265625,0.49993,0.53517,True,0.03524000000000005
d5lxea_,d4fhaa_,0.5269,0.5591,0.5313,0.5591,0.505,324,306,346,1,324,3,228,1.0,0.739,0.501953125,0.939453125,0.53987,0.5734,True,0.03353000000000006
d4cnna_,d7bipa_,0.55,0.6476,0.6476,0.5014,0.795,245,329,357,15,244,1,329,0.939,1.0,0.544921875,0.9013671875,0.61591,0.64927,True,0.033360000000000056
d1rhca_,d7c0da_,0.5286,0.5671,0.5255,0.5671,0.473,330,303,413,1,322,2,298,0.976,0.98,0.4814453125,0.90673828125,0.54878,0.58157,True,0.032789999999999986
d1kmta1,d3pmsa1,0.5053,0.5584,0.5485,0.5454,0.473,136,137,133,14,126,1,125,0.831,0.912,0.425048828125,0.90087890625,0.49678,0.52942,True,0.03264
d5lxea_,d3m5va_,0.5273,0.5719,0.5198,0.5719,0.473,324,291,347,1,324,3,225,1.0,0.766,0.455078125,0.912109375,0.5516,0.58288,True,0.031279999999999974
d1ct5a_,d2y24a2,0.5239,0.6029,0.6029,0.5071,0.663,225,277,279,15,216,15,272,0.898,0.931,0.53466796875,0.927734375,0.56883,0.6,True,0.03117000000000003
d2hqsc2,d1vm6a2,0.5411,0.6372,0.5354,0.6372,0.442,106,86,96,13,106,1,72,0.887,0.837,0.5068359375,0.9052734375,0.58281,0.61398,True,0.03116999999999992
d1vd6a_,d1ct5a_,0.5559,0.5899,0.5899,0.5737,0.663,218,225,248,1,212,32,224,0.972,0.858,0.56103515625,0.9130859375,0.56482,0.59592,True,0.031100000000000017
d1orja1,d7cohc_,0.5368,0.7435,0.7435,0.384,0.933,123,258,176,1,123,94,258,1.0,0.64,0.52734375,0.9013671875,0.66566,0.69591,True,0.03025
d2egha2,d1f20a2,0.5102,0.563,0.563,0.5225,0.537,151,165,170,1,125,10,164,0.828,0.939,0.56689453125,0.9228515625,0.533,0.56236,True,0.02935999999999994
d6aska_,d5kina_,0.5387,0.6949,0.4259,0.6949,0.233,430,247,431,1,410,12,247,0.953,0.955,0.44677734375,0.9150390625,0.65912,0.68788,True,0.028760000000000008
d1rhca_,d4cnna_,0.5047,0.5982,0.4657,0.5982,0.301,330,245,375,1,327,1,245,0.991,1.0,0.513671875,0.9189453125,0.61931,0.64803,True,0.028719999999999968
d5lxea_,d3s5oa_,0.5414,0.5835,0.5367,0.5835,0.505,324,295,343,1,324,3,228,1.0,0.766,0.467041015625,0.9033203125,0.56393,0.59183,True,0.027899999999999925
d1w4ra1,d2ji7a3,0.5235,0.6494,0.6494,0.4702,0.772,133,196,159,8,133,4,152,0.947,0.76,0.5927734375,0.9365234375,0.60046,0.62711,True,0.02664999999999995
d1jh3a_,d1dm9a_,0.5005,0.6859,0.5384,0.5153,0.505,99,104,75,29,99,2,67,0.717,0.635,0.4580078125,0.9228515625,0.51076,0.53734,True,0.026580000000000048
d3rkpa1,d1axib2,0.5286,0.63,0.5735,0.5551,0.569,102,106,91,1,79,19,106,0.775,0.83,0.5869140625,0.9033203125,0.53716,0.56351,True,0.026349999999999985
d3raoa1,d1xyza_,0.5226,0.5511,0.5385,0.5511,0.505,329,320,413,1,327,13,320,0.994,0.962,0.544921875,0.90234375,0.52928,0.55457,True,0.025290000000000035
d5dqpa_,d5kina_,0.5379,0.6924,0.428,0.6924,0.233,427,247,423,1,405,13,247,0.948,0.951,0.43408203125,0.91259765625,0.65923,0.68399,True,0.024760000000000004
d2d69a1,d1rhca_,0.5428,0.5957,0.5957,0.5335,0.692,291,330,367,17,265,1,330,0.856,1.0,0.48974609375,0.9052734375,0.5837,0.60842,True,0.024719999999999964
d2fcwa1,d1h7ca_,0.5597,0.7054,0.5851,0.6151,0.601,105,99,84,27,104,1,81,0.743,0.818,0.583984375,0.953125,0.64451,0.66921,True,0.024699999999999944
d6tbnb1,d1ijqa1,0.6758,0.7795,0.6185,0.7795,0.772,334,258,304,24,315,1,254,0.874,0.984,0.59423828125,0.908203125,0.75197,0.77665,True,0.024679999999999924
d5xkca_,d5kina_,0.5271,0.6888,0.4108,0.6888,0.196,446,247,439,1,424,15,247,0.951,0.943,0.43798828125,0.92431640625,0.6552,0.67975,True,0.02454999999999996
d1bdfa1,d2vv5a2,0.5247,0.6377,0.5585,0.5767,0.505,105,101,89,19,101,3,85,0.79,0.822,0.55908203125,0.90185546875,0.53234,0.5566,True,0.02425999999999995
d5t9ce_,d1ct5a_,0.5225,0.5833,0.5092,0.5833,0.411,263,225,278,7,255,32,224,0.947,0.858,0.56787109375,0.900390625,0.56221,0.5862,True,0.023990000000000067
d1k77a1,d2w79a_,0.6048,0.6496,0.6214,0.6496,0.747,254,241,294,1,254,1,240,1.0,0.996,0.57763671875,0.916015625,0.61797,0.64163,True,0.023660000000000014
d2bwqa_,d1qtsa1,0.5343,0.6088,0.5968,0.5558,0.632,122,133,119,2,112,28,133,0.91,0.797,0.492431640625,0.9013671875,0.55206,0.57569,True,0.02363000000000004
d1k77a1,d4dhga2,0.5623,0.6183,0.6183,0.558,0.72,254,286,286,1,254,7,235,1.0,0.801,0.57275390625,0.923828125,0.58968,0.61139,True,0.021710000000000007
d1qsda_,d2fcwa1,0.6653,0.8529,0.699,0.6805,0.9,102,105,82,1,81,26,105,0.794,0.762,0.572265625,0.9833984375,0.67379,0.695,True,0.02120999999999995
d1r3ra_,d3bofa1,0.5275,0.6237,0.4729,0.6237,0.326,356,260,368,7,352,8,232,0.972,0.865,0.5693359375,0.9052734375,0.6706,0.69107,True,0.020469999999999988
d1zela1,d2bbya_,0.5549,0.6541,0.5685,0.6541,0.537,82,69,73,12,79,3,65,0.829,0.913,0.53125,0.9130859375,0.58784,0.60772,True,0.01988000000000001
d1h3fa2,d1dm9a_,0.5619,0.6631,0.6631,0.5329,0.795,81,104,82,14,81,1,79,0.84,0.76,0.460205078125,0.92431640625,0.61767,0.63739,True,0.01971999999999996
d2egha2,d1qfja2,0.5827,0.6507,0.5921,0.6507,0.632,151,135,142,1,125,6,135,0.828,0.963,0.57177734375,0.9482421875,0.60952,0.62772,True,0.018199999999999994
d1uv7a_,d2cz4a1,0.515,0.6241,0.6241,0.4891,0.692,74,99,84,2,64,15,95,0.851,0.818,0.363037109375,0.9208984375,0.57164,0.58979,True,0.01815
d3rkpa1,d2gysa4,0.5134,0.6091,0.5215,0.575,0.442,102,91,85,3,76,15,91,0.725,0.846,0.58642578125,0.91015625,0.53327,0.55084,True,0.017569999999999975
d1n55a_,d1ct5a_,0.5605,0.6146,0.5637,0.6146,0.569,249,225,252,4,240,32,225,0.952,0.862,0.583984375,0.931640625,0.58927,0.60672,True,0.017450000000000077
d5lxea_,d1wdda1,0.5566,0.575,0.575,0.575,0.632,324,324,379,1,324,5,280,1.0,0.852,0.5263671875,0.9072265625,0.55755,0.57487,True,0.017320000000000002
d3rkpa1,d2rb8a_,0.5501,0.6717,0.5663,0.6124,0.569,102,93,83,1,78,15,93,0.765,0.849,0.55224609375,0.900390625,0.57144,0.58874,True,0.017300000000000093
d3rkpa1,d1j8ka_,0.5281,0.6484,0.5537,0.5921,0.505,102,94,84,1,79,15,93,0.775,0.84,0.56298828125,0.90283203125,0.55168,0.56885,True,0.01717000000000002
d1zela1,d1jmrb3,0.5489,0.673,0.5795,0.6228,0.569,82,75,68,12,78,4,66,0.817,0.84,0.498046875,0.91845703125,0.56634,0.58345,True,0.01711000000000007
d1f00i1,d5m0yb1,0.5028,0.6161,0.5548,0.5548,0.473,95,95,83,17,94,1,77,0.821,0.811,0.54736328125,0.9443359375,0.50267,0.51919,True,0.01652000000000009
d1iwga4,d1ru0a_,0.5032,0.5803,0.5615,0.5482,0.473,97,100,93,1,93,26,100,0.959,0.75,0.56787109375,0.90625,0.50319,0.51971,True,0.01651999999999998
d1rhca_,d4fhaa_,0.5159,0.5519,0.516,0.5519,0.442,330,306,352,1,330,3,227,1.0,0.735,0.479736328125,0.935546875,0.5338,0.54998,True,0.016179999999999972
d3rkpa1,d3wyra1,0.5014,0.6031,0.52,0.5709,0.411,102,91,85,1,77,14,91,0.755,0.857,0.59912109375,0.900390625,0.52212,0.53813,True,0.01600999999999997
d3rkpa1,d4jkla2,0.5341,0.6162,0.5478,0.588,0.505,102,94,89,1,78,16,94,0.765,0.84,0.52734375,0.916015625,0.55162,0.5674,True,0.015780000000000016
d3rkpa1,d6xaxa1,0.5474,0.6595,0.5546,0.6223,0.505,102,89,83,1,77,12,89,0.755,0.876,0.576171875,0.90380859375,0.57612,0.59147,True,0.015350000000000086
d3rkpa1,d1x5aa1,0.5437,0.6412,0.5601,0.6007,0.537,102,94,87,1,79,15,94,0.775,0.851,0.56298828125,0.92578125,0.5615,0.57665,True,0.015149999999999997
d3rkpa1,d3r8qa2,0.5337,0.6633,0.5495,0.6092,0.473,102,90,81,1,77,14,90,0.755,0.856,0.57568359375,0.90576171875,0.55852,0.57367,True,0.015149999999999997
d3rkpa1,d3r8qa1,0.5222,0.6407,0.5426,0.5906,0.473,102,92,83,1,78,14,92,0.765,0.859,0.5625,0.90478515625,0.54279,0.55793,True,0.015140000000000042
d6tpua1,d3rkpa3,0.5287,0.6105,0.6105,0.5455,0.632,93,107,99,12,92,1,96,0.871,0.897,0.572265625,0.908203125,0.5553,0.57033,True,0.015029999999999988
d3rkpa3,d2edya1,0.505,0.576,0.528,0.576,0.411,107,96,103,1,96,14,96,0.897,0.865,0.58203125,0.9140625,0.51573,0.53072,True,0.014989999999999948
d1ijqa1,d2ovrb2,0.5804,0.6824,0.6824,0.5374,0.855,258,342,310,1,251,26,315,0.973,0.848,0.59716796875,0.91748046875,0.64743,0.66223,True,0.014800000000000035
d3rkpa3,d4gs7c2,0.5025,0.5876,0.5298,0.5684,0.411,107,98,94,2,91,16,97,0.841,0.837,0.58935546875,0.9169921875,0.51835,0.53285,True,0.014500000000000068
d5n48b_,d3rkpa3,0.5207,0.5965,0.5965,0.5271,0.632,92,107,97,14,92,1,92,0.859,0.86,0.55126953125,0.904296875,0.55183,0.56602,True,0.014189999999999925
d1uc6a1,d3rkpa1,0.5186,0.6324,0.5574,0.5664,0.505,104,102,89,17,103,1,79,0.837,0.775,0.5966796875,0.92431640625,0.52234,0.53648,True,0.01413999999999993
d3rkpa1,d1x5ya1,0.5055,0.6037,0.5427,0.5606,0.442,102,98,89,1,79,14,98,0.775,0.867,0.56640625,0.9052734375,0.51316,0.52729,True,0.014130000000000087
d1sr9a2,d1ezwa_,0.5479,0.6,0.6,0.5352,0.692,305,347,386,11,274,2,347,0.866,0.997,0.59521484375,0.9140625,0.58114,0.59525,True,0.014109999999999956
d1k77a1,d3thaa1,0.5661,0.6082,0.5857,0.6082,0.632,254,243,294,1,253,10,243,0.996,0.963,0.5546875,0.9091796875,0.57605,0.59009,True,0.014040000000000052
d1yloa1,d2gmqa1,0.5011,0.605,0.605,0.5092,0.569,77,96,94,1,70,6,96,0.909,0.948,0.4755859375,0.94384765625,0.53809,0.55212,True,0.014030000000000098
d3rkpa1,d1cd9b2,0.5045,0.6103,0.5485,0.5616,0.442,102,99,89,1,79,14,99,0.775,0.869,0.56591796875,0.9296875,0.53469,0.5487,True,0.014009999999999967
d2vv5a2,d3h90a2,0.5238,0.6124,0.5132,0.6124,0.411,101,82,82,15,90,1,71,0.752,0.866,0.49560546875,0.91845703125,0.56881,0.5827,True,0.013889999999999958
d3rkpa1,d3lpwa2,0.5073,0.6043,0.5363,0.5683,0.442,102,95,88,1,79,13,95,0.775,0.874,0.55517578125,0.91015625,0.52041,0.53428,True,0.013869999999999938
d3rkpa1,d2cuma1,0.5391,0.609,0.5596,0.609,0.505,102,92,95,1,91,13,92,0.892,0.87,0.5751953125,0.90283203125,0.56124,0.57485,True,0.013610000000000011
d3rkpa1,d4gs7b2,0.5122,0.6076,0.548,0.5526,0.505,102,101,90,1,78,15,101,0.765,0.861,0.57275390625,0.916015625,0.5147,0.52826,True,0.013559999999999905
d3rkpa3,d1cd9b2,0.5094,0.5786,0.5449,0.5786,0.442,107,99,99,1,93,13,99,0.869,0.879,0.5810546875,0.9287109375,0.5255,0.53905,True,0.013550000000000062
d3rkpa1,d2dmka1,0.5041,0.567,0.567,0.517,0.537,102,114,103,2,91,23,113,0.882,0.798,0.59375,0.91748046875,0.52589,0.53916,True,0.013270000000000004
d3dg3a2,d1v93a_,0.5777,0.6547,0.6547,0.5588,0.817,242,292,291,3,217,11,292,0.888,0.966,0.58837890625,0.91796875,0.62068,0.63386,True,0.01317999999999997
d1n26a3,d3rkpa1,0.5114,0.5596,0.5512,0.5596,0.473,104,102,103,16,103,1,91,0.846,0.892,0.5869140625,0.90966796875,0.53631,0.54942,True,0.013110000000000066
d3kxqa_,d2nlya1,0.5854,0.6389,0.5898,0.6389,0.663,237,216,265,1,237,2,203,1.0,0.935,0.580078125,0.91259765625,0.60763,0.62071,True,0.01307999999999998
d5m0yb1,d1cwva1,0.5038,0.6196,0.5521,0.5568,0.473,95,94,82,1,76,17,92,0.8,0.809,0.53857421875,0.9462890625,0.50247,0.51443,True,0.011960000000000082
d3dbya1,d1xg2b1,0.6196,0.7213,0.7213,0.6012,0.9,121,150,126,1,118,32,149,0.975,0.787,0.53662109375,0.921875,0.67139,0.68302,True,0.011629999999999918
d3dbya2,d1xg2b1,0.5881,0.651,0.651,0.5942,0.795,135,150,143,1,127,22,145,0.941,0.827,0.5673828125,0.953125,0.61229,0.6239,True,0.01161000000000001
d6xlra2,d3ii7a_,0.6556,0.765,0.5882,0.765,0.692,386,288,344,28,353,2,287,0.845,0.993,0.59765625,0.9033203125,0.73901,0.74896,True,0.009950000000000014
d3dbya1,d2cj4a_,0.6339,0.7245,0.7245,0.6105,0.912,121,147,154,1,115,3,147,0.95,0.986,0.5712890625,0.91650390625,0.68487,0.69479,True,0.00992000000000004
d6aska_,d3bofa1,0.5106,0.6483,0.4204,0.6483,0.214,430,260,438,3,413,13,259,0.956,0.95,0.45703125,0.90087890625,0.57672,0.58555,True,0.008830000000000005
d2phcb2,d1iwga4,0.5822,0.665,0.665,0.5892,0.795,84,97,95,5,81,1,91,0.917,0.938,0.57177734375,0.94140625,0.61427,0.62211,True,0.00784000000000007
d3rkpa3,d5c71a2,0.521,0.5805,0.5236,0.5805,0.442,107,95,107,1,95,15,95,0.888,0.853,0.5517578125,0.90673828125,0.54615,0.55389,True,0.007739999999999969
d3d19a2,d2cj4a_,0.6229,0.693,0.693,0.6229,0.872,130,147,138,1,130,27,144,1.0,0.803,0.58642578125,0.9150390625,0.65396,0.66128,True,0.007319999999999993
d1wosa1,d2hvyb1,0.5528,0.6627,0.5673,0.6252,0.537,83,74,69,2,65,13,74,0.771,0.838,0.576171875,0.9931640625,0.61197,0.61922,True,0.007249999999999979
d1k77a1,d4l6ha1,0.5479,0.6852,0.6852,0.4627,0.855,254,401,400,1,254,2,373,1.0,0.928,0.5947265625,0.90234375,0.6548,0.66149,True,0.006689999999999974
d1b4ka_,d1ct5a_,0.5322,0.646,0.4698,0.646,0.326,326,225,314,20,320,26,225,0.923,0.889,0.58203125,0.9345703125,0.62602,0.63164,True,0.005619999999999958
d5m0yb1,d4h8wc2,0.5326,0.6302,0.5354,0.6237,0.442,95,79,78,1,75,14,79,0.789,0.835,0.475341796875,0.912109375,0.57066,0.57606,True,0.005400000000000071
d1qfha1,d5m0yb1,0.5173,0.6137,0.5403,0.5821,0.473,104,95,89,21,104,1,77,0.808,0.811,0.51953125,0.91015625,0.53265,0.53702,True,0.004370000000000096
d1ct5a_,d3no3a1,0.533,0.564,0.564,0.5558,0.569,225,229,257,28,224,1,219,0.876,0.956,0.59912109375,0.91796875,0.53705,0.54029,True,0.0032400000000000206
d2nqha_,d1x7fa2,0.5952,0.6793,0.5779,0.6793,0.601,279,230,299,1,279,2,228,1.0,0.987,0.56103515625,0.9169921875,0.64058,0.64306,True,0.0024799999999999267
d1drua2,d2hqsc2,0.5139,0.5575,0.5401,0.5575,0.473,110,106,123,2,95,4,106,0.855,0.972,0.498779296875,0.91748046875,0.52119,0.52357,True,0.0023799999999999377
d3iqca_,d7cohc_,0.5524,0.7714,0.7714,0.3833,0.956,119,258,170,1,115,91,256,0.966,0.643,0.57568359375,0.90625,0.73046,0.73203,True,0.0015699999999999603
d1xdna_,d1ckma2,0.5304,0.5872,0.5207,0.5872,0.442,262,228,285,1,258,30,228,0.985,0.873,0.5107421875,0.9296875,0.56055,0.56137,True,0.0008200000000000429
d1x9na3,d3jsla_,0.6208,0.7426,0.7426,0.5454,0.941,218,308,248,4,213,73,308,0.963,0.766,0.51904296875,0.9150390625,0.71357,0.71365,True,7.999999999996898e-05
d2g0wa1,d3thaa1,0.514,0.5685,0.523,0.5685,0.442,269,243,293,1,268,4,218,0.996,0.885,0.5966796875,0.94140625,0.57943,0.57949,True,5.999999999994898e-05
d4l6ha2,d1i60a_,0.5655,0.6634,0.5223,0.6634,0.473,360,272,359,39,358,1,272,0.889,1.0,0.58447265625,0.9375,0.63553,0.63553,False,0.0
d1qlwa_,d2jbwa1,0.5054,0.5399,0.5399,0.4986,0.537,318,347,396,7,318,56,337,0.981,0.813,0.55322265625,0.9033203125,0.52529,0.52529,False,0.0
d2uuia1,d3rf3b2,0.5043,0.6356,0.506,0.5596,0.411,146,130,112,42,135,24,130,0.644,0.823,0.54248046875,0.9111328125,0.52813,0.52813,False,0.0
d2nxca1,d1xxla1,0.5394,0.5773,0.5224,0.5773,0.505,249,224,226,106,249,1,223,0.578,0.996,0.5400390625,0.9541015625,0.56586,0.56586,False,0.0
d1nzea_,d7cohc_,0.562,0.8007,0.8007,0.3742,0.967,112,258,124,6,112,125,247,0.955,0.477,0.5859375,0.9033203125,0.79486,0.79486,False,0.0
d3dg3a2,d3aala_,0.6274,0.7133,0.7133,0.5942,0.912,242,298,309,5,235,1,291,0.955,0.977,0.580078125,0.9345703125,0.68293,0.68293,False,0.0
d3dg3a2,d1k77a1,0.6239,0.6642,0.6642,0.6367,0.837,242,254,273,5,220,1,254,0.893,1.0,0.59716796875,0.9453125,0.63739,0.63739,False,0.0
d1yx1a1,d3o63a1,0.6112,0.6874,0.6046,0.6874,0.692,248,213,262,2,248,8,213,0.996,0.967,0.58544921875,0.9150390625,0.65632,0.65632,False,0.0
d1ri5a_,d2b3ta_,0.5222,0.5612,0.5612,0.517,0.601,252,276,338,1,252,22,276,1.0,0.924,0.58984375,0.9296875,0.54337,0.54337,False,0.0
d2i5ia1,d2j13a1,0.593,0.6726,0.5605,0.6726,0.601,254,207,261,1,254,33,205,1.0,0.836,0.5791015625,0.91796875,0.64902,0.64902,False,0.0
d2nxca1,d1wzna1,0.5404,0.5601,0.5497,0.5601,0.569,249,244,260,64,249,11,242,0.747,0.951,0.52978515625,0.9345703125,0.54528,0.54528,False,0.0
d2nxca1,d1ri5a_,0.5415,0.5592,0.5592,0.5531,0.601,249,252,280,63,249,1,251,0.751,0.996,0.51123046875,0.9423828125,0.54493,0.54493,False,0.0
d2nxca1,d2p7ia_,0.5473,0.5925,0.5331,0.5925,0.505,249,222,255,67,249,1,221,0.735,0.995,0.5732421875,0.9404296875,0.57528,0.57528,False,0.0
d2nxca1,d3d2la_,0.5544,0.5856,0.5506,0.5856,0.569,249,233,261,64,249,5,232,0.747,0.979,0.59423828125,0.9677734375,0.57107,0.57107,False,0.0
d3raoa1,d3dz1a1,0.5113,0.5616,0.5017,0.5616,0.411,329,289,342,1,329,8,226,1.0,0.758,0.4453125,0.90625,0.53953,0.53953,False,0.0
d3raoa1,d4fhaa_,0.5098,0.5449,0.5113,0.5449,0.442,329,306,347,1,329,9,229,1.0,0.722,0.45458984375,0.904296875,0.52563,0.52563,False,0.0
d2b3ta_,d1wzna1,0.5486,0.5951,0.5312,0.5951,0.505,276,244,281,67,276,4,243,0.761,0.984,0.59716796875,0.908203125,0.57904,0.57904,False,0.0
d1k04a_,d2uuia1,0.5131,0.691,0.5438,0.5306,0.505,142,146,108,38,142,42,135,0.739,0.644,0.474365234375,0.96875,0.5192,0.5192,False,0.0
d2nxca1,d5epea_,0.5285,0.5513,0.5371,0.5513,0.537,249,242,271,60,249,8,242,0.763,0.971,0.583984375,0.9228515625,0.53523,0.53523,False,0.0
d4l6ha2,d5c7ha_,0.5104,0.5919,0.48,0.5919,0.326,360,281,363,22,355,10,258,0.928,0.886,0.5791015625,0.9150390625,0.56412,0.56412,False,0.0
d1r5ba2,d4ac9a1,0.5396,0.6627,0.6546,0.5118,0.747,68,91,67,2,68,18,72,0.985,0.604,0.58203125,0.9638671875,0.60549,0.60549,False,0.0
d1itxa1,d1v93a_,0.5742,0.6409,0.5504,0.6409,0.569,347,292,393,7,346,8,290,0.98,0.969,0.452392578125,0.9228515625,0.61657,0.61657,False,0.0
d2ydaa_,d5lxea_,0.537,0.5806,0.5806,0.529,0.663,292,324,338,1,216,3,324,0.74,0.994,0.51513671875,0.900390625,0.56174,0.56174,False,0.0
d3a5fa_,d1rhca_,0.5305,0.5812,0.5812,0.5183,0.632,290,330,347,1,222,1,330,0.766,1.0,0.45849609375,0.90625,0.56009,0.56009,False,0.0
d1g8ja2,d2jioa2,0.797,0.8517,0.7537,0.8517,0.961,677,597,739,4,677,1,597,0.996,1.0,0.55712890625,0.92236328125,0.84532,0.84532,False,0.0
d3mkva2,d2czva_,0.6482,0.7879,0.5458,0.7879,0.569,310,208,318,1,305,7,208,0.984,0.971,0.57421875,0.931640625,0.76251,0.76251,False,0.0
d4l6ha2,d7ezia1,0.5079,0.5611,0.5022,0.5611,0.411,360,316,388,22,356,7,288,0.931,0.892,0.57421875,0.94921875,0.53509,0.53509,False,0.0
d1fvia2,d3jsla_,0.5878,0.749,0.749,0.4716,0.941,184,308,250,1,184,74,307,1.0,0.76,0.51806640625,0.908203125,0.71673,0.71673,False,0.0
d2b3ta_,d3gu3a_,0.5,0.5195,0.5055,0.5195,0.442,276,268,309,77,276,1,267,0.725,0.996,0.5732421875,0.92919921875,0.50662,0.50662,False,0.0
d1qbaa4,d1gqia2,0.5483,0.611,0.5956,0.5601,0.663,137,147,133,31,137,20,147,0.781,0.871,0.583984375,0.9169921875,0.56431,0.56431,False,0.0
d1s68a_,d1ckma2,0.5491,0.5797,0.5689,0.5797,0.601,233,228,257,1,229,33,228,0.983,0.86,0.51123046875,0.9375,0.55386,0.55386,False,0.0
d2nxca1,d2avna1,0.5206,0.5605,0.5274,0.5434,0.505,249,241,233,93,249,14,239,0.631,0.938,0.552734375,0.94677734375,0.53591,0.53591,False,0.0
d1q0ra_,d1vkha1,0.6348,0.705,0.6055,0.705,0.72,297,251,335,1,294,1,251,0.99,1.0,0.56884765625,0.9755859375,0.68152,0.68152,False,0.0
d2paja2,d2czva_,0.5984,0.7062,0.5403,0.7062,0.537,282,208,301,1,278,6,208,0.986,0.976,0.5888671875,0.9267578125,0.71847,0.71847,False,0.0
d2nxca1,d3orha_,0.5282,0.5697,0.5313,0.5697,0.505,249,230,239,59,249,22,228,0.767,0.9,0.5908203125,0.9658203125,0.56888,0.56888,False,0.0
d2yjka_,d2etda1,0.5148,0.5852,0.5066,0.5852,0.411,149,126,166,2,135,1,126,0.899,1.0,0.599609375,0.908203125,0.5497,0.5497,False,0.0
d1p16a2,d1fvia2,0.6498,0.7486,0.5881,0.7486,0.692,239,184,236,30,238,1,184,0.874,1.0,0.5224609375,0.90087890625,0.72572,0.72572,False,0.0
d1v1oa2,d3ge3c_,0.501,0.609,0.5086,0.609,0.353,105,83,105,3,102,1,81,0.952,0.976,0.564453125,0.912109375,0.53972,0.53972,False,0.0
d2nxca1,d1ve3a1,0.5822,0.6494,0.5512,0.6494,0.569,249,208,232,60,249,8,207,0.763,0.962,0.544921875,0.96875,0.62957,0.62957,False,0.0
d1p16a2,d1s68a_,0.532,0.5634,0.5512,0.5634,0.537,239,233,274,27,239,1,229,0.891,0.983,0.52587890625,0.9267578125,0.54064,0.54064,False,0.0
d3e96a_,d1rhca_,0.5307,0.576,0.576,0.523,0.632,296,330,347,4,226,1,330,0.753,1.0,0.46337890625,0.9033203125,0.56558,0.56558,False,0.0
d1sfla_,d1rhca_,0.5602,0.6771,0.6771,0.4956,0.855,230,330,358,1,230,2,329,1.0,0.994,0.48046875,0.9130859375,0.64417,0.64417,False,0.0
d7cohc_,d1tqga1,0.5599,0.8252,0.3512,0.8252,0.126,258,101,130,125,251,1,101,0.492,1.0,0.57421875,0.9189453125,0.74773,0.74773,False,0.0
d3e96a_,d5lxea_,0.5396,0.5816,0.5816,0.5367,0.663,296,324,342,3,227,1,324,0.76,1.0,0.4833984375,0.916015625,0.57394,0.57394,False,0.0
d2choa3,d1l8na2,0.6285,0.7111,0.7111,0.6032,0.9,114,137,124,15,114,16,136,0.877,0.883,0.57373046875,0.93701171875,0.67757,0.67757,False,0.0
d1vr6a2,d5lxea_,0.5118,0.5388,0.5189,0.5388,0.473,338,324,354,91,329,1,324,0.707,1.0,0.451904296875,0.92236328125,0.52015,0.52015,False,0.0
d1v0wa1,d2f5tx2,0.6055,0.8061,0.4617,0.8061,0.301,256,137,206,32,236,1,137,0.801,1.0,0.5849609375,0.951171875,0.76291,0.76291,False,0.0
d1vl5a_,d1sg9a_,0.5057,0.566,0.566,0.4744,0.601,226,274,257,1,226,97,274,1.0,0.65,0.59375,0.92431640625,0.55087,0.55087,False,0.0
d1vl5a_,d2nxca1,0.5513,0.5878,0.5878,0.5364,0.692,226,249,228,1,224,100,249,0.991,0.602,0.53955078125,0.96630859375,0.5751,0.5751,False,0.0
d2egza_,d1rhca_,0.5638,0.6971,0.6971,0.4817,0.887,216,330,353,1,216,3,330,1.0,0.994,0.451171875,0.9013671875,0.66306,0.66306,False,0.0
d6aska_,d2d69a1,0.5048,0.613,0.434,0.613,0.254,430,291,437,3,411,17,266,0.951,0.859,0.4755859375,0.9013671875,0.60744,0.60744,False,0.0
d6aska_,d1sr9a2,0.5104,0.6087,0.451,0.6087,0.277,430,305,447,1,413,8,276,0.96,0.882,0.55859375,0.9228515625,0.58384,0.58384,False,0.0
d1y8ca_,d2nxca1,0.5411,0.5621,0.5621,0.5518,0.601,244,249,272,2,242,61,249,0.988,0.759,0.54638671875,0.9619140625,0.54602,0.54602,False,0.0
d3aama_,d3thaa1,0.5866,0.6444,0.5914,0.6444,0.663,269,243,291,1,262,10,243,0.974,0.963,0.595703125,0.9072265625,0.6103,0.6103,False,0.0
d1xkya1,d5lxea_,0.5426,0.5864,0.5864,0.5341,0.663,292,324,345,1,224,1,324,0.767,1.0,0.480712890625,0.92578125,0.56429,0.56429,False,0.0
d4e6ma2,d1v93a_,0.5395,0.5787,0.5787,0.5554,0.632,278,292,321,3,250,10,292,0.892,0.969,0.58935546875,0.91064453125,0.5586,0.5586,False,0.0
d1v6ta_,d2j13a1,0.6156,0.6895,0.5831,0.6895,0.663,249,207,254,1,249,35,204,1.0,0.821,0.572265625,0.9111328125,0.66523,0.66523,False,0.0
d6v7na1,d1vkha1,0.613,0.7356,0.5246,0.7356,0.505,363,251,376,20,361,1,251,0.942,1.0,0.56494140625,0.93359375,0.71314,0.71314,False,0.0
d2yyua_,d1k77a1,0.6276,0.6939,0.6939,0.6255,0.872,225,254,276,1,221,1,254,0.982,1.0,0.59619140625,0.90966796875,0.65831,0.65831,False,0.0
d3vrca_,d1sj7a1,0.5294,0.6251,0.6251,0.5081,0.72,130,167,155,1,129,32,166,0.992,0.808,0.580078125,0.9228515625,0.58688,0.58688,False,0.0
d6aska_,d4giea1,0.5114,0.6291,0.4315,0.6291,0.233,430,281,438,3,410,5,252,0.949,0.883,0.599609375,0.9091796875,0.59546,0.59546,False,0.0
d1thxa_,d2trcp_,0.6002,0.8115,0.8115,0.4385,0.975,108,212,122,1,108,94,210,1.0,0.552,0.599609375,0.939453125,0.77255,0.77255,False,0.0
d1f74a_,d5lxea_,0.5374,0.5798,0.5798,0.5296,0.663,293,324,347,3,225,1,324,0.761,1.0,0.489990234375,0.93115234375,0.55959,0.55959,False,0.0
d1f74a_,d3raoa1,0.5122,0.56,0.56,0.5062,0.569,293,329,345,6,227,1,329,0.758,1.0,0.465087890625,0.9033203125,0.53696,0.53696,False,0.0
d1rhca_,d1sr9a2,0.5573,0.5975,0.5572,0.5975,0.569,330,305,374,1,330,10,274,1.0,0.869,0.53662109375,0.921875,0.57668,0.57668,False,0.0
d1yrra2,d2qeea1,0.5431,0.6462,0.6462,0.4809,0.795,296,414,447,1,292,20,414,0.986,0.954,0.57666015625,0.92626953125,0.61963,0.61963,False,0.0
d1p16a2,d1xdna_,0.521,0.566,0.566,0.5225,0.601,239,262,305,21,239,1,258,0.916,0.985,0.52392578125,0.9248046875,0.542,0.542,False,0.0
d1v93a_,d5kina_,0.6135,0.6892,0.5972,0.6892,0.692,292,247,317,1,290,2,245,0.993,0.988,0.57861328125,0.91796875,0.65632,0.65632,False,0.0
d1iwga4,d1usma_,0.5351,0.6491,0.5427,0.6491,0.442,97,77,92,2,92,5,77,0.938,0.948,0.55712890625,0.90673828125,0.57609,0.57609,False,0.0
d6pbza3,d4qqwa1,0.5063,0.5865,0.5865,0.4624,0.663,189,246,261,10,158,1,246,0.788,1.0,0.57275390625,0.923828125,0.56731,0.56731,False,0.0
d2rfga_,d1rhca_,0.5394,0.5906,0.5906,0.5245,0.692,289,330,347,1,222,1,330,0.768,1.0,0.451416015625,0.90380859375,0.57031,0.57031,False,0.0
d1goia2,d1v93a_,0.5626,0.6348,0.5331,0.6348,0.505,356,292,388,1,334,10,292,0.938,0.969,0.55810546875,0.90869140625,0.6126,0.6126,False,0.0
d1x9na3,d1ckma2,0.6454,0.6825,0.6825,0.6555,0.872,218,228,236,1,213,30,228,0.977,0.873,0.53271484375,0.912109375,0.65788,0.65788,False,0.0
d1rhca_,d5kina_,0.5897,0.6922,0.5372,0.6922,0.505,330,247,356,1,329,9,247,0.997,0.968,0.419921875,0.921875,0.66239,0.66239,False,0.0
d1rhca_,d4n4pa_,0.534,0.5838,0.5201,0.5838,0.473,330,290,344,1,329,4,221,0.997,0.752,0.4921875,0.9169921875,0.56199,0.56199,False,0.0
d5yzpa2,d1gm5a2,0.5385,0.74,0.74,0.3996,0.912,90,180,97,1,88,52,141,0.978,0.5,0.5087890625,0.9111328125,0.68957,0.68957,False,0.0
d1rhca_,d2r8wa_,0.5312,0.5801,0.5204,0.5801,0.473,330,292,348,1,329,2,226,0.997,0.771,0.48486328125,0.90234375,0.55951,0.55951,False,0.0
d6arha_,d5lxea_,0.5337,0.5707,0.5707,0.5329,0.632,300,324,347,1,228,1,324,0.76,1.0,0.5146484375,0.91455078125,0.55357,0.55357,False,0.0
d1rhca_,d1xkya1,0.5274,0.576,0.5168,0.576,0.442,330,292,350,1,330,1,225,1.0,0.771,0.46484375,0.91064453125,0.55578,0.55578,False,0.0
d5kina_,d6lr1a_,0.5373,0.7041,0.7041,0.4129,0.9,247,451,436,10,247,1,415,0.964,0.92,0.44287109375,0.91162109375,0.67269,0.67269,False,0.0
d1rhca_,d3dz1a1,0.5072,0.5578,0.4965,0.5578,0.382,330,289,347,1,330,5,222,1.0,0.754,0.464111328125,0.9091796875,0.54304,0.54304,False,0.0
d5kina_,d3b9oa_,0.5407,0.6989,0.6989,0.4259,0.887,247,433,415,15,247,1,400,0.943,0.924,0.451171875,0.9169921875,0.66728,0.66728,False,0.0
d1r4xa1,d2bwqa_,0.5164,0.61,0.5035,0.61,0.382,154,122,133,35,154,1,112,0.779,0.918,0.480224609375,0.91259765625,0.56153,0.56153,False,0.0
d1vlma1,d2nxca1,0.5049,0.5779,0.5779,0.4795,0.601,201,249,238,9,200,60,249,0.955,0.763,0.56298828125,0.95703125,0.57915,0.57915,False,0.0
d1p91a_,d2b3ta_,0.5016,0.5294,0.5275,0.501,0.505,261,276,260,52,260,69,276,0.801,0.754,0.578125,0.935546875,0.51502,0.51502,False,0.0
d1rhca_,d4g8ta2,0.5068,0.5428,0.5126,0.5428,0.442,330,309,371,1,329,4,256,0.997,0.819,0.59619140625,0.9013671875,0.5214,0.5214,False,0.0
d1a0ia2,d1ckma2,0.601,0.6275,0.6202,0.6275,0.747,231,228,251,1,231,30,226,1.0,0.864,0.52587890625,0.908203125,0.60542,0.60542,False,0.0
d1sg9a_,d1ve3a1,0.5636,0.6543,0.5092,0.6543,0.442,274,208,246,70,273,7,208,0.745,0.971,0.59619140625,0.9404296875,0.63283,0.63283,False,0.0
d5lxea_,d2egza_,0.5598,0.6885,0.4846,0.6885,0.353,324,216,348,4,324,1,216,0.991,1.0,0.462158203125,0.9111328125,0.65554,0.65554,False,0.0
d3hz4a_,d2trcp_,0.5448,0.7189,0.7189,0.4157,0.912,116,212,122,2,105,94,210,0.897,0.552,0.59033203125,0.94140625,0.68469,0.68469,False,0.0
d2trcp_,d1gh2a_,0.6162,0.8333,0.4436,0.8333,0.277,212,107,118,95,210,1,107,0.547,1.0,0.5966796875,0.9345703125,0.79857,0.79857,False,0.0
d2trcp_,d1w4va1,0.5925,0.8046,0.4323,0.8046,0.254,212,107,122,94,210,1,107,0.552,1.0,0.59716796875,0.939453125,0.76157,0.76157,False,0.0
d2trcp_,d7bzkb_,0.5924,0.8157,0.417,0.8157,0.214,212,102,114,101,210,1,102,0.519,1.0,0.58642578125,0.92919921875,0.77746,0.77746,False,0.0
d2trcp_,d3tcoa_,0.5882,0.7986,0.4214,0.7986,0.233,212,106,124,95,212,2,106,0.557,0.991,0.58251953125,0.9306640625,0.764,0.764,False,0.0
d2trcp_,d1r26a1,0.585,0.7989,0.4205,0.7989,0.233,212,105,123,96,212,1,105,0.552,1.0,0.57958984375,0.92578125,0.75887,0.75887,False,0.0
d2trcp_,d4ruva_,0.5821,0.7959,0.4276,0.7959,0.233,212,106,117,97,210,1,106,0.538,1.0,0.58251953125,0.916015625,0.75055,0.75055,False,0.0
d2trcp_,d5y4ta1,0.5525,0.7382,0.423,0.7382,0.214,212,113,125,96,212,1,112,0.552,0.991,0.58935546875,0.9189453125,0.69714,0.69714,False,0.0
d2trcp_,d5zf2a_,0.5502,0.7604,0.4012,0.7604,0.179,212,103,121,96,210,1,103,0.542,1.0,0.58056640625,0.9140625,0.71182,0.71182,False,0.0
d2trcp_,d1x5ea1,0.5182,0.6922,0.3951,0.6922,0.179,212,113,120,96,208,1,103,0.533,0.912,0.58056640625,0.9287109375,0.65348,0.65348,False,0.0
d2trcp_,d1wmja_,0.5154,0.6737,0.419,0.6737,0.214,212,122,124,94,212,5,116,0.561,0.918,0.5869140625,0.9453125,0.62789,0.62789,False,0.0
d2trcp_,d1wjka1,0.5093,0.7452,0.3402,0.7452,0.106,212,87,132,83,211,2,86,0.608,0.977,0.580078125,0.9013671875,0.68237,0.68237,False,0.0
d2vhla2,d2czva_,0.605,0.7311,0.5256,0.7311,0.473,301,208,314,1,296,7,208,0.983,0.971,0.595703125,0.908203125,0.70005,0.70005,False,0.0
d5lxea_,d2d69a1,0.565,0.6149,0.5596,0.6149,0.569,324,291,366,1,324,7,266,1.0,0.893,0.5126953125,0.9140625,0.60671,0.60671,False,0.0
d5lxea_,d3i6ea2,0.5655,0.664,0.5179,0.664,0.442,324,243,340,1,324,2,222,1.0,0.909,0.56884765625,0.9033203125,0.63837,0.63837,False,0.0
d3i6ea2,d3aala_,0.6123,0.6981,0.6981,0.5867,0.887,243,298,308,6,238,1,294,0.959,0.987,0.5849609375,0.90625,0.66397,0.66397,False,0.0
d4cnna_,d1ezwa_,0.5063,0.6104,0.6104,0.4543,0.692,245,347,391,2,245,1,345,0.996,0.994,0.5498046875,0.9169921875,0.60433,0.60433,False,0.0
d7bipa_,d4fhaa_,0.5065,0.544,0.5113,0.544,0.442,329,306,396,1,320,8,290,0.973,0.925,0.50439453125,0.900390625,0.52549,0.52549,False,0.0
d1jmca2,d1gm5a2,0.5182,0.6737,0.6345,0.4473,0.772,122,180,114,1,108,48,144,0.885,0.539,0.5732421875,0.923828125,0.59074,0.59074,False,0.0
d1w4ra1,d1ozha3,0.5135,0.635,0.635,0.4723,0.72,133,191,159,9,133,3,152,0.94,0.785,0.5908203125,0.9375,0.58219,0.58219,False,0.0
d1u61a_,d1ztda1,0.5288,0.5558,0.5479,0.5558,0.537,126,124,139,7,125,2,108,0.944,0.863,0.56201171875,0.9375,0.53449,0.53449,False,0.0
d1sg9a_,d3thra_,0.5123,0.5384,0.5384,0.5179,0.537,274,286,298,65,274,24,286,0.766,0.92,0.5908203125,0.9033203125,0.52172,0.52172,False,0.0
d4m3pa_,d1ra0a2,0.5328,0.5907,0.5222,0.5907,0.473,370,320,332,12,290,1,300,0.754,0.938,0.591796875,0.900390625,0.56464,0.56464,False,0.0
d5lxea_,d4m0xa2,0.5639,0.6614,0.513,0.6614,0.442,324,242,343,2,323,3,223,0.994,0.913,0.58935546875,0.90234375,0.63525,0.63525,False,0.0
d5lxea_,d2rfga_,0.5478,0.5953,0.5374,0.5953,0.537,324,289,343,1,324,1,223,1.0,0.772,0.46875,0.9189453125,0.57095,0.57095,False,0.0
d3sjna2,d1rhca_,0.564,0.6625,0.6625,0.5086,0.837,245,330,352,2,224,1,328,0.91,0.994,0.59814453125,0.91259765625,0.63541,0.63541,False,0.0
d5lxea_,d3eb2a_,0.546,0.5941,0.5346,0.5941,0.505,324,288,345,1,324,1,224,1.0,0.778,0.4990234375,0.9169921875,0.57388,0.57388,False,0.0
d5lxea_,d1vhna1,0.5193,0.5587,0.5189,0.5587,0.473,324,298,346,3,324,1,226,0.994,0.758,0.53271484375,0.9033203125,0.53929,0.53929,False,0.0
d5lxea_,d3dz1a1,0.5253,0.5729,0.5181,0.5729,0.442,324,289,340,1,324,5,223,1.0,0.758,0.48681640625,0.92431640625,0.5507,0.5507,False,0.0
d5lxea_,d4k8ga2,0.5301,0.5922,0.5114,0.5922,0.442,324,274,358,1,324,2,237,1.0,0.861,0.57861328125,0.9345703125,0.56744,0.56744,False,0.0
d5lxea_,d3b4ua_,0.5367,0.5855,0.5255,0.5855,0.473,324,287,347,2,324,1,226,0.997,0.787,0.5107421875,0.9150390625,0.56401,0.56401,False,0.0
d3d19a1,d1xg2b1,0.6186,0.694,0.694,0.6316,0.855,134,150,137,1,133,25,149,0.993,0.833,0.572265625,0.9267578125,0.64508,0.64508,False,0.0
d2i4aa_,d2trcp_,0.6005,0.8141,0.8141,0.4354,0.975,107,212,121,1,107,94,210,1.0,0.552,0.59033203125,0.9404296875,0.77589,0.77589,False,0.0
d5lxea_,d2xfwa1,0.5381,0.5782,0.5311,0.5782,0.505,324,295,345,1,324,2,222,1.0,0.749,0.490966796875,0.91455078125,0.56331,0.56331,False,0.0
d3rkpa1,d2db8a1,0.5178,0.6253,0.5433,0.5657,0.473,102,97,86,2,79,17,97,0.765,0.835,0.564453125,0.92431640625,0.53091,0.53091,False,0.0
d5lxea_,d5c54a_,0.541,0.5703,0.5482,0.5703,0.569,324,310,343,1,324,3,232,1.0,0.742,0.47314453125,0.9130859375,0.55137,0.55137,False,0.0
d3a5fa_,d5lxea_,0.5405,0.5868,0.5868,0.5317,0.663,290,324,344,1,224,1,324,0.772,1.0,0.474853515625,0.9228515625,0.56668,0.56668,False,0.0
d3rkpa3,d3r8qa1,0.5085,0.5881,0.5204,0.5881,0.411,107,92,96,1,93,14,92,0.869,0.859,0.5771484375,0.900390625,0.53757,0.53757,False,0.0
d5lxea_,d6h4ea_,0.5411,0.582,0.5349,0.582,0.505,324,295,346,1,324,2,226,1.0,0.763,0.521484375,0.916015625,0.5631,0.5631,False,0.0
d1gm5a2,d1x54a1,0.548,0.7131,0.4365,0.7131,0.254,180,104,104,48,142,1,99,0.528,0.952,0.59765625,0.9013671875,0.67348,0.67348,False,0.0
d1gm5a2,d1z9fa1,0.5273,0.7313,0.3894,0.7313,0.164,180,88,88,60,142,4,88,0.461,0.966,0.5380859375,0.90380859375,0.67839,0.67839,False,0.0
d1gm5a2,d3rloa2,0.514,0.6955,0.3921,0.6955,0.164,180,94,98,52,141,1,89,0.5,0.947,0.5263671875,0.9169921875,0.64931,0.64931,False,0.0
d1gm5a2,d1iyjb4,0.5101,0.681,0.4207,0.6487,0.214,180,111,105,51,142,1,99,0.511,0.892,0.53564453125,0.91796875,0.61328,0.61328,False,0.0
d1gm5a2,d5gqoa_,0.5078,0.7254,0.3944,0.6809,0.179,180,97,90,60,143,1,87,0.467,0.897,0.56591796875,0.9052734375,0.63473,0.63473,False,0.0
d1gm5a2,d1o7ia_,0.5044,0.685,0.4248,0.6333,0.233,180,115,105,48,142,1,97,0.528,0.843,0.5751953125,0.92041015625,0.59967,0.59967,False,0.0
d1zela1,d1ucra_,0.5933,0.6747,0.6197,0.6747,0.692,82,74,80,12,82,1,73,0.866,0.986,0.53125,0.953125,0.61517,0.61517,False,0.0
d5lxea_,d2r8wa_,0.5419,0.5872,0.5353,0.5872,0.505,324,292,344,1,324,2,227,1.0,0.774,0.5087890625,0.923828125,0.5662,0.5662,False,0.0
d1zela1,d1oyia_,0.5416,0.6682,0.5349,0.6682,0.442,82,62,72,13,79,1,62,0.817,1.0,0.568359375,0.93359375,0.59279,0.59279,False,0.0
d1zela1,d2obpa1,0.5034,0.5907,0.5572,0.568,0.442,82,80,76,12,77,2,74,0.805,0.913,0.5625,0.9375,0.51673,0.51673,False,0.0
d2etda1,d2pyba_,0.5071,0.5788,0.5788,0.495,0.601,126,151,168,1,126,1,134,1.0,0.887,0.56396484375,0.91015625,0.54409,0.54409,False,0.0
d1ta3a_,d1v93a_,0.6054,0.6476,0.6476,0.6124,0.817,274,292,334,2,272,8,289,0.989,0.966,0.5966796875,0.90234375,0.62153,0.62153,False,0.0
d3iam33,d1g8ja2,0.6897,0.8422,0.8422,0.5613,0.988,439,677,687,1,436,5,671,0.993,0.985,0.5537109375,0.90478515625,0.82526,0.82526,False,0.0
d3gd6a2,d3aala_,0.6039,0.6771,0.6771,0.5867,0.855,252,298,317,6,244,1,294,0.948,0.987,0.5732421875,0.94140625,0.55527,0.55527,False,0.0
d5lxea_,d1dosa_,0.5046,0.5504,0.5504,0.5059,0.537,324,358,425,1,324,25,355,1.0,0.925,0.5068359375,0.900390625,0.49994,0.49994,False,0.0
d4k8ga2,d1v93a_,0.5152,0.5598,0.5598,0.5313,0.537,274,292,307,2,233,10,292,0.847,0.969,0.58447265625,0.923828125,0.52858,0.52858,False,0.0
d5ruba1,d1rhca_,0.5298,0.5632,0.5632,0.5344,0.601,311,330,370,19,272,1,330,0.817,1.0,0.5478515625,0.900390625,0.54315,0.54315,False,0.0
d4k8ga2,d3raoa1,0.5072,0.5709,0.5709,0.4879,0.601,274,329,363,7,240,1,328,0.854,0.997,0.548828125,0.9072265625,0.54564,0.54564,False,0.0
d1k77a1,d3rita2,0.6374,0.6953,0.635,0.6953,0.772,254,229,271,1,254,5,218,1.0,0.934,0.58837890625,0.9072265625,0.665,0.665,False,0.0
d3gd6a2,d1v93a_,0.5779,0.6437,0.6437,0.567,0.795,252,292,295,3,221,10,292,0.869,0.969,0.57861328125,0.91064453125,0.61263,0.61263,False,0.0
d2czva_,d1p1ma2,0.6525,0.7661,0.7661,0.5833,0.956,208,281,293,7,208,1,278,0.971,0.989,0.591796875,0.90625,0.73779,0.73779,False,0.0
d2czva_,d4aqla2,0.6278,0.7675,0.7675,0.529,0.956,208,313,323,6,208,1,307,0.976,0.981,0.56005859375,0.908203125,0.73958,0.73958,False,0.0
d3dbya2,d2cj4a_,0.5938,0.6489,0.6489,0.6023,0.795,135,147,161,1,126,7,147,0.933,0.959,0.599609375,0.9482421875,0.607,0.607,False,0.0
d1k77a1,d1x7fa2,0.5915,0.6518,0.6004,0.6518,0.663,254,230,281,1,254,3,228,1.0,0.983,0.583984375,0.9287109375,0.61613,0.61613,False,0.0
d3na8a_,d5lxea_,0.5299,0.5805,0.5805,0.518,0.632,285,324,344,2,220,1,324,0.768,1.0,0.478271484375,0.927734375,0.55927,0.55927,False,0.0
d4l6ha1,d7ezia1,0.5143,0.5912,0.4818,0.5912,0.353,401,316,461,1,400,3,303,0.998,0.953,0.58984375,0.921875,0.56466,0.56466,False,0.0
d4l6ha1,d1i60a_,0.5617,0.684,0.4886,0.684,0.382,401,272,409,3,377,1,272,0.935,1.0,0.59423828125,0.943359375,0.66505,0.66505,False,0.0
d1g7sa1,d1r5ba2,0.5047,0.6337,0.4726,0.6337,0.301,97,68,70,19,81,6,68,0.649,0.926,0.54931640625,0.97265625,0.60544,0.60544,False,0.0
d3neva_,d5lxea_,0.5485,0.5882,0.5882,0.5458,0.663,298,324,344,1,229,1,324,0.768,1.0,0.48828125,0.9130859375,0.56829,0.56829,False,0.0
d2q3qa2,d5i9ja_,0.5837,0.7733,0.7733,0.4519,0.949,117,214,169,2,117,49,214,0.991,0.776,0.57177734375,0.9326171875,0.7305,0.7305,False,0.0
d6a3ka_,d1sj7a1,0.5587,0.6608,0.6608,0.5315,0.795,129,167,150,1,126,32,167,0.977,0.814,0.564453125,0.92236328125,0.59896,0.59896,False,0.0
d1yzfa1,d3bzwa1,0.6906,0.7805,0.7805,0.6462,0.967,195,240,243,1,191,8,239,0.979,0.967,0.59619140625,0.97607421875,0.7534,0.7534,False,0.0
d1sj7a1,d2ccya_,0.5143,0.6177,0.495,0.6177,0.353,167,127,140,44,166,1,126,0.737,0.992,0.42724609375,0.9228515625,0.5657,0.5657,False,0.0
d1sr9a2,d6lr1a_,0.5025,0.6101,0.6101,0.4324,0.72,305,451,453,9,276,2,419,0.879,0.927,0.572265625,0.91162109375,0.58531,0.58531,False,0.0
d4k8ga2,d1rhca_,0.5213,0.5867,0.5867,0.4986,0.663,274,330,362,2,236,1,329,0.858,0.997,0.56005859375,0.9248046875,0.56343,0.56343,False,0.0
d5dqpa_,d1sr9a2,0.5076,0.6047,0.4506,0.6047,0.277,427,305,444,1,409,10,276,0.958,0.875,0.55224609375,0.9228515625,0.57922,0.57922,False,0.0
d3na8a_,d1rhca_,0.5243,0.5783,0.5783,0.5078,0.632,285,330,346,2,219,1,330,0.765,1.0,0.46044921875,0.908203125,0.55781,0.55781,False,0.0
d1uxoa_,d6v7na1,0.6195,0.8309,0.8309,0.4422,0.984,184,363,326,1,184,43,361,1.0,0.879,0.56201171875,0.9130859375,0.8047,0.8047,False,0.0
d1uxoa_,d1ac5a_,0.5238,0.7681,0.7681,0.3246,0.949,184,483,409,1,184,65,468,1.0,0.836,0.546875,0.9013671875,0.72984,0.72984,False,0.0
d1sg9a_,d2avna1,0.5008,0.5459,0.4856,0.5459,0.382,274,241,279,74,274,11,241,0.734,0.959,0.59765625,0.91455078125,0.52805,0.52805,False,0.0
d4f8xa_,d1lucb_,0.5364,0.5716,0.5497,0.5716,0.537,335,320,399,13,328,1,320,0.943,1.0,0.56884765625,0.90234375,0.5463,0.5463,False,0.0
d5n48b_,d3rkpa1,0.5417,0.6465,0.6054,0.5546,0.663,92,102,85,14,92,1,78,0.859,0.765,0.5380859375,0.90185546875,0.57135,0.57135,False,0.0
d4al0a_,d3bvxa1,0.5625,0.6677,0.5271,0.6677,0.473,146,111,118,34,145,2,100,0.767,0.892,0.5927734375,0.9052734375,0.62504,0.62504,False,0.0
d1x91a_,d3dbya1,0.6205,0.7175,0.6001,0.7175,0.663,149,121,126,28,149,4,117,0.819,0.942,0.59033203125,0.9345703125,0.66143,0.66143,False,0.0
d1ckma2,d1fvia2,0.6445,0.7307,0.6011,0.7307,0.72,228,184,218,36,227,1,184,0.842,1.0,0.50439453125,0.91552734375,0.70514,0.70514,False,0.0
d3fsta_,d1itxa1,0.557,0.6279,0.6279,0.5297,0.772,286,347,390,16,283,7,347,0.937,0.983,0.49658203125,0.91162109375,0.62128,0.62128,False,0.0
d1mqva_,d1sj7a1,0.5238,0.6362,0.6362,0.4954,0.72,123,167,137,1,122,44,166,0.992,0.737,0.45654296875,0.90625,0.58097,0.58097,False,0.0
d1cnt1_,d2etda1,0.5185,0.5951,0.5143,0.5951,0.411,150,126,131,2,109,7,126,0.72,0.952,0.58544921875,0.91650390625,0.55322,0.55322,False,0.0
d1aa6a2,d1g8ja2,0.7964,0.8748,0.8748,0.734,0.993,564,677,707,1,564,9,677,1.0,0.988,0.58447265625,0.92919921875,0.86539,0.86539,False,0.0
d1ueka2,d1weya1,0.5078,0.6107,0.4841,0.6107,0.326,120,91,122,7,120,1,79,0.95,0.868,0.58837890625,0.90625,0.5645,0.5645,False,0.0
d5ruba1,d5lxea_,0.5384,0.5696,0.5696,0.5495,0.601,311,324,371,7,271,1,324,0.852,1.0,0.5703125,0.90673828125,0.55012,0.55012,False,0.0
d5c54a_,d1rhca_,0.5311,0.5642,0.5642,0.5336,0.601,310,330,348,3,231,1,330,0.739,1.0,0.45751953125,0.9013671875,0.54538,0.54538,False,0.0
d3b9oa_,d1sr9a2,0.5082,0.6077,0.4463,0.6077,0.277,433,305,439,1,404,10,276,0.933,0.875,0.57666015625,0.9150390625,0.585,0.585,False,0.0
d1m9ha_,d4l6ha2,0.5195,0.605,0.605,0.4839,0.692,277,360,361,7,249,22,357,0.877,0.933,0.56689453125,0.9296875,0.57413,0.57413,False,0.0
d2wmfa1,d1ccwb_,0.5421,0.6141,0.6141,0.5112,0.72,391,483,486,1,383,40,449,0.98,0.849,0.497314453125,0.9130859375,0.58994,0.58969,False,-0.00024999999999997247
d1hw1a1,d1zela1,0.5392,0.6221,0.6154,0.5665,0.632,74,82,73,6,73,14,79,0.919,0.805,0.59912109375,0.9443359375,0.5577,0.55719,False,-0.0005100000000000104
d2kuca1,d2trcp_,0.5013,0.6638,0.6638,0.4068,0.795,119,212,123,5,118,95,208,0.958,0.538,0.5703125,0.923828125,0.61356,0.61126,False,-0.0022999999999999687
d6fnua1,d1r30a_,0.5369,0.5776,0.5776,0.542,0.632,290,312,321,8,290,28,273,0.976,0.788,0.57861328125,0.9033203125,0.60244,0.60007,False,-0.0023699999999999832
d1k77a1,d2pgwa2,0.6081,0.6555,0.6173,0.6555,0.747,254,237,268,1,254,6,212,1.0,0.873,0.58935546875,0.90771484375,0.62547,0.62267,False,-0.0028000000000000247
d1gm5a2,d1eova1,0.5013,0.6816,0.451,0.5896,0.277,180,134,114,47,142,19,128,0.533,0.821,0.55859375,0.90625,0.56958,0.56627,False,-0.003309999999999924
d1k77a1,d4x2ra1,0.6123,0.6543,0.6275,0.6543,0.772,254,242,287,1,254,2,233,1.0,0.959,0.5400390625,0.9052734375,0.62462,0.61924,False,-0.00537999999999994
d1uxoa_,d1ukca_,0.5152,0.7697,0.7697,0.3021,0.956,184,517,379,1,184,96,464,1.0,0.714,0.59423828125,0.9111328125,0.73907,0.73309,False,-0.005979999999999985
d5m0yb1,d2a73a4,0.5419,0.642,0.5835,0.568,0.601,95,98,85,1,77,20,96,0.811,0.786,0.56396484375,0.9111328125,0.5487,0.54202,False,-0.006680000000000019
d4n4pa_,d5lxea_,0.5431,0.5885,0.5885,0.5326,0.663,290,324,341,4,221,1,324,0.752,1.0,0.513671875,0.9306640625,0.57369,0.56656,False,-0.007130000000000081
d6krba_,d1ykwa2,0.5042,0.6287,0.6287,0.4685,0.692,91,131,112,3,82,16,126,0.879,0.847,0.5615234375,0.9052734375,0.57983,0.57169,False,-0.008139999999999925
d1i60a_,d3thaa1,0.5155,0.5704,0.5192,0.5704,0.442,272,243,295,1,268,3,216,0.985,0.881,0.537109375,0.90625,0.6002,0.59028,False,-0.009919999999999929
d1bdfa1,d3fmba1,0.5079,0.5992,0.52,0.5618,0.411,105,96,89,21,98,1,79,0.743,0.823,0.426513671875,0.9560546875,0.52598,0.51587,False,-0.010109999999999952
d4o5ma2,d1eq1a_,0.5143,0.5907,0.5907,0.5094,0.601,139,166,144,1,124,35,163,0.892,0.777,0.5712890625,0.91015625,0.54931,0.5376,False,-0.011709999999999998
d5m0yb1,d1uc6a1,0.5205,0.6187,0.587,0.5449,0.569,95,104,89,1,77,18,102,0.811,0.817,0.51318359375,0.908203125,0.53953,0.51456,False,-0.024969999999999937
d1ujpa_,d1rhca_,0.6019,0.7086,0.7086,0.5391,0.912,243,330,355,8,239,1,330,0.955,1.0,0.42578125,0.90625,0.68289,0.6509,False,-0.03198999999999996
d7bipa_,d4k8ga2,0.5162,0.5824,0.4977,0.5824,0.382,329,274,353,1,328,6,236,0.997,0.843,0.572265625,0.91064453125,0.55748,0.52494,False,-0.03254000000000001
d2etda1,d4cvra_,0.5181,0.5944,0.5944,0.4919,0.663,126,156,158,2,126,2,125,0.992,0.795,0.546875,0.9052734375,0.56496,0.52522,False,-0.03974
d1k77a1,d3gd6a2,0.5133,0.5422,0.5385,0.5422,0.505,254,252,268,1,224,7,225,0.882,0.869,0.583984375,0.939453125,0.63482,0.5806,False,-0.054220000000000046
d2ih3c_,d3ze3a_,0.5113,0.5723,0.5723,0.4846,0.632,97,116,97,1,97,55,115,1.0,0.526,0.552734375,0.9169921875,0.55355,0.48946,False,-0.06408999999999998
d3d19a2,d1xg2b1,0.6174,0.6954,0.6954,0.6148,0.872,130,150,137,1,130,28,147,1.0,0.8,0.5517578125,0.91796875,0.66142,0.5973,False,-0.06411999999999995
